ingredient_id,ingredient_name
1,wedge lemon
2,cornichon
3,creamy peanut butter
4,I used albacore
5,Parmigiano Reggiano rind
6,mini marshmallows for the cotton part of hat
7,lean chicken burgers
8,unbleached whole wheat flour
9,lbs chicken tenders or breasts
10,brewed espresso
11,Parmesan or Romano cheese rind
12,raw pistachios
13,onion or onion
14,Yukon Gold Potatoes
15,extralean beef
16,One white beans
17,chicken broth low sodium
18,mini semisweet chocolate chips
19,sriracha hot sauce
20,BBQ Sauce
21,pico de gallo
22,russet or new
23,milk chocolate chips
24,bacon
25,Delallo
26,Sour cream or Greek yogurt
27,red onion olive oil
28,minute instant brown rice
29,cooking spray
30,coarsely pecans or walnuts
31,thick
32,delicata squash
33,cranberry pear sauce
34,pumpkin
35,chive
36,chilled whipped butter
37,pink grapefruit
38,cloves
39,oranges
40,rice noodles
41,Sargento fat pepper jack cheese
42,fat Cheddar
43,white and pale green only
44,nonfat milk
45,cheese such as gruyere
46,cold rice
47,in water
48,Check labels for glutenfree
49,fat cheese Mexican blend
50,Light Ranch Dressing
51,chilled whipping cream
52,seasoning
53,yellow polenta or cornmeal
54,fat Graham Cracker Crust
55,glass jar with tight fitting lid
56,coconut
57,Nonfat Greek yogurt for serving
58,gingerlemon kombucha
59,balsamic vinegar
60,mediumsize ripe Hass avocado
61,oldfashioned oats
62,cold
63,in make
64,hot water
65,finegrain sea salt
66,chunk white albacore tuna in water
67,good quality white chocolate
68,dried marjoram
69,splenda
70,fat cheddar
71,whole wheat flour
72,pure pumpkin
73,almond milk
74,Russet potatoes
75,kiwis
76,snipped Italian flatleaf parsley
77,reducedfat cheddar cheese
78,yellow or white onion
79,heads romaine
80,white truffle olive oil
81,russet or Idaho potatoes
82,plum tomato
83,kosher salt and pepper
84,hard boiled eggs
85,lean pork chops
86,PB
87,jumbo sea scallops
88,stout
89,sodium soy sauce or gluten free tamari
90,sashimi tuna
91,jalepeo
92,chicken sausage
93,French Bread
94,garlic scapes
95,cavatelli
96,cilantro and chili peppers for garnish
97,baby spinach or kale
98,dark rum
99,Beef Bone Broth or Wholecompliant beef broth
100,ripe beefsteak or heirloom tomato
101,whole eggs
102,lean grassfed buffalo
103,links sweet Italian chicken sausage
104,basmati rice
105,Hungarian paprika
106,Bacon
107,shelled raw sunflower seeds
108,sweet yellow corn kernels
109,lump crabmeat
110,smoked sausage
111,fat free vanilla yogurt
112,herbs
113,lowcarb whole wheat tortillas I used La Tortilla Factory
114,white miso
115,miniature chocolate chips for the eyes
116,cotija cheese
117,Italianstyle breadcrumbs
118,red potatoes
119,parmesan cheese and ricotta
120,light olive oil
121,crusty bread
122,zucchini or summer squash
123,toppings everything bagel seasoning
124,white balsamic
125,Diamond Crystal Kosher Salt
126,the Ginger Scallion Sauce
127,ripe bananas
128,quick cooking steel oats
129,mini sweet rainbow peppers
130,unfiltered apple cider vinegar
131,green onion jalapeo
132,Real California butter
133,poppy seeds for the batter
134,pork shoulder roast
135,eggplant
136,lemongrass stalks
137,egg whites or egg beaters
138,Thai red curry paste
139,roasted pistachios
140,white whole wheat or allpurpose glutenfree flour
141,Juice from limes
142,raisins
143,up celery sticks and carrot sticks
144,salted beef broth or stock
145,skinny pesto
146,whole wheat or glutenfree mix
147,tightly basil leaves
148,jalapenos
149,extravirgin olive oil spray
150,lean ham steak
151,lime wedges for serving
152,whole wheat French bread baguette
153,hearts of palm noodles
154,squid
155,once crust will weigh
156,plain fat free yogurt
157,red chili pepper
158,coconut flour
159,honey or sugar
160,ripe tomatoes
161,container Swanson reducedsodium chicken broth
162,salmon fillets
163,homemade or jarred marinara sauce
164,hot pickled serrano pepper
165,multigrain bread
166,fatfree whipped topping
167,ripe pears
168,wedge of lemon
169,acorn squash
170,fig butter
171,low sodium soy sauce
172,sage leaves
173,whole grain brown rice
174,dark brown sugar
175,feta cheese
176,cocoa powder
177,balsamic
178,wasabi paste
179,lowsodium chicken or vegetable broth
180,lime roasted poblano cream
181,tomatoes with green chiles
182,dill pickles
183,pure sesame oil
184,ice
185,Applegate uncured turkey bacon
186,dryroasted peanuts
187,g strawberries
188,whole or fat milk
189,Toothpicks
190,romaine lettuce or your favorite greens
191,Thai or regular basil leaves
192,clear tequila
193,lemon or lime
194,white chocolate chips
195,King crab legs
196,leek
197,Serving Size Servings Points SmartPoints
198,mirin
199,elbow macaroni
200,homemademarinara sauce
201,silken tofu
202,link sweet Italian chicken sausage
203,Canola oil or cooking spray
204,baby arugula leaves
205,poblano chiles
206,boxes vegetables broth check labels for GF
207,Never Any Oven Roasted Turkey
208,Giardiniera
209,whole wheat rolls
210,clams
211,glutenfree or wheat pasta
212,Kalamata Olives
213,Sour cream or Nonfat plain Greek yogurt
214,unsweetened almond milk
215,whole wheat baguettes or rolls
216,light tuna in water
217,beet juice
218,white baking chocolate
219,kosher salt and cracked black pepper
220,star anise pod
221,toppings pepper Jack cheese
222,shelled and deveined
223,chilies
224,Alaskan wild salmon fillets
225,honey mustard
226,tilapia filets
227,artichokes
228,baking soda
229,lime unto wedges
230,string beans beans
231,raw sushi grade tuna
232,ginger
233,ATHENOS Feta
234,Stonyfield Organic Greek Yogurt
235,dried red pepper flakes
236,maple syrup
237,ripe apricot
238,fatfree milk
239,green plantain
240,koshersalt
241,bakers semi sweet chocolate
242,Rotel tomatoes with green chilies
243,Marsala wine
244,fat free cool whip
245,thick carrot
246,toasted pecans
247,reducedsodium tamari
248,warm black beans
249,dried chilies
250,Monterey Jack or Pepper Jack Cheese
251,rice vinegar
252,scallions for garnish
253,tomatillo salsa
254,toppings butter
255,grilled chicken breast
256,light Blue Cheese or Ranch Dressing
257,prunes
258,dried guajillo chili peppers
259,egg product
260,turkey breakfast sausage
261,kosher salt or adobo seasoning salt
262,deli mustard
263,Furikake or nori and sesame seeds
264,espresso
265,wild pink or red salmon
266,queso Oaxaca or mozzarella
267,lean tritip sirlion steak
268,smashed garlic
269,whole jalapeo
270,labneh
271,Delallo gnocchi
272,reducedfat milk
273,whole wheat panko breadcrumbs
274,garlic set aside
275,White Nonpareils Sprinkles
276,grilled chicken
277,torn basil
278,such as chard
279,lime zest
280,Oven Roasted Turkey
281,orange sweet potatoes
282,seasoned whole wheat or glutenfree breadcrumbs
283,tahini paste
284,Honey Mustard
285,untreated cedar plank
286,steak seasoning or seasoned salt
287,Quick pickled onions
288,chicken breast fillets
289,chicken or veggie bouillon cube
290,lowfat cheddar cheese
291,Justins Almond Butter
292,Gruyre or Cheddar cheese
293,salmon fillet
294,yogurt or yogurt
295,lean ham
296,yellow cherry tomatoes
297,light soy sauce
298,marinara sauce
299,baguette
300,jumbo or collosal shrimp
301,pumpkin pie filling
302,Sriracha hot sauce
303,chicken bouillons
304,long wooden or metal skewers
305,plum tomatoes including juice
306,Good Culture cottage cheese
307,rice and fried eggs
308,shot glasses
309,whole wheat Italian or French Bread
310,pure white vanilla extract
311,thick soy sauce
312,cherry tomato
313,cheddar cheese or American
314,Midori Melon liqueur
315,whole wheat pita
316,reducedcarb whole wheat flour tortillas
317,multigrain or whole grain French baguette
318,barbecue sauce
319,ripe sweet peaches
320,whole wheat french bread
321,pomegranate arils
322,kosher sea salt and cracked pepper
323,lemon zest
324,sweet yellow onions
325,haas avocados
326,enough water cover eggs
327,Creamy Peanut Butter
328,turkey stock
329,Ditalini pasta or other pasta
330,Sambal Oelek Red Chili Paste
331,bag
332,corn cob
333,fat mozzarella cheese
334,romaine lettuce heart
335,Lemon rind
336,new potatoes
337,Tru Whip topping
338,smalldiced red onion
339,srracha chili sauce
340,Clear Premium Tequila
341,seasoned salt such as Adobo
342,madras curry powder
343,hot green chiles
344,Salt
345,flaked coconut
346,dried oregano or thyme
347,achiote
348,melted coconut oil
349,Confectioners sugar
350,curry powder
351,chili pepper powder
352,selfrising flour
353,jarred marinara sauce
354,broth
355,feta or halloumi cheese
356,instant chocolate pudding
357,organic quick oats
358,sprinkles for the hat
359,green grapes
360,red heirloom or beefsteak tomatoes
361,bean bean sprouts
362,quick marinara sauce
363,Boston lettuce
364,low sodium chicken stock
365,halibut filet
366,toppings melted peanut butter for drizzling
367,sea salt and black pepper
368,buttermilk powder
369,whole wheat calorie hamburger buns
370,stalks celery
371,long
372,Sugar Plum Jam
373,bean soup mix
374,DeLallo wholewheat or glutenfree penne pasta
375,pepitas pumpkin seeds
376,caraway seeds
377,melted salted butter
378,spiralized noodles
379,Boston or Bibb lettuce
380,dill pickle chips
381,toppings sour cream
382,sundried tomatoes
383,reducedsodium chicken stock
384,ketchup
385,baby arugula
386,organic blueberries
387,baby gold potatoes
388,shelled pistachios
389,Montral steak seasoning
390,orecchiette pasta
391,toasted sesame seeds
392,Swansons lowsodium beef broth
393,phyllo sheets
394,fire roasted tomatoes
395,napa cabbage leaves
396,fat Cheddar cheese
397,fat Greek Yogurt
398,shiitake mushrooms
399,orange
400,homemade sauce
401,lump crab meat
402,street taco size tortillas
403,white chocolate chips or white chocolate
404,cilantro
405,avocado or reducedfat sour cream
406,kiwi
407,store bought
408,Hellmanns light mayonnaise
409,unsalted chicken Bone Broth
410,organic chicken breasts
411,Fresno chili
412,goat cheese
413,chicken breasts in make
414,stems
415,flaxseeds
416,packet Sazon with achiote
417,Italian seasoned whole wheat bread crumbs
418,olive oil baking spray
419,broccolini
420,coarse black pepper
421,pepper jack cheese
422,arugula or baby greens
423,chipotle pepper in adobo sauce
424,apple butter
425,Thai chili peppers
426,vegetable broth
427,mini yellow bell peppers
428,nonstick spray
429,vanilla bean
430,plain wholemilk yogurt
431,reducedsodium chicken or vegetable broth
432,plain or glutenfree panko
433,blood orange juice
434,raw almonds
435,point tortillas
436,pure vanilla or almond extract
437,everything bagel seasoning
438,green beans beans
439,reducedfat Swiss cheese
440,sour cream or fullfat plain yogurt
441,freshlysqueezed orange juice
442,box chocolate brownie mix
443,caper brine
444,reducedfat Swiss
445,low carb flour tortillas I used Ole Xtreme Wellness
446,lean beef stew meat
447,chicken breast from rotisserie chicken
448,rotini pasta use brown rice pasta for GF
449,corn muffin mix
450,rolled oats
451,chicken or turkey sausage
452,Parmigiano Reggiano shavings
453,Cremini or Baby Bella mushrooms
454,shitaki mushrooms
455,unsalted butter or vegan butter
456,English cucumbers
457,julienned
458,Baking spray
459,Diamond Crystal kosher salt
460,pickle juice
461,pecorino romano or good parmesan cheese
462,Additional lime wedges
463,apple
464,Franks Hot Sauce
465,olives
466,dried parlsey
467,serrano chile
468,unrefined coconut oil
469,cornmeal
470,thyme or dried thyme
471,chuck roast
472,Toppings of choice
473,nonfat Greek or plain yogurt
474,fat free evaporated milk
475,broken lasagna noodles
476,cornichon pickle juice
477,mushrooms such as shiitake
478,Thai or traditional basil
479,virgin olive oil spray
480,beef sirloin steak
481,zest of three lemons
482,wholegrain bread
483,Asian fish sauce or lowsodium soy sauce
484,jar marinara sauce we love
485,dried fruit
486,dried thyme or thyme leaves
487,nuts
488,lite coconut milk
489,skinny Basil Pesto
490,firm tofu
491,pomegranate arils from POM Wonderful Pomegranate
492,snipped basil
493,red chili flakes
494,ready made fat graham cracker crust
495,spicy salsa
496,Romano or Parmesan cheese
497,calorie whole wheat potato buns
498,crock pot turkey meatballs and sauce
499,Worcesterchire sauce
500,light cream
501,sweet yellow corn
502,whole wheat seasoned or glutenfree bread crumbs
503,pecans or walnuts
504,sweet corn
505,Shichimi Togarashi
506,garam masala
507,warm water
508,Worcestershire sauce
509,rice wine vinegar
510,Asiago or Parmesan Cheese
511,part skim mozzarella pearls
512,glutenfree tamari or coconut aminos
513,spears of asparagus
514,tomatoes I love Tuttorosso
515,chililime seasoning salt
516,organic chicken or turkey breast
517,bottle light ginger beer
518,egg roll wrappers
519,peas
520,Gala apples
521,organic ginger root
522,sugarfree semisweet chocolate chips
523,crab meat
524,garlic flakes
525,Thai Sweet Chili Sauce
526,skim milk
527,dill pickle spears
528,Zest of lemon
529,New Zealand spring rack of lamb
530,chipotle pepper
531,riced cauliflower
532,limes
533,Greek yogurt or lowfat sour cream for topping
534,tomatobasil marinara sauce
535,stoneground polenta
536,bean sprouts
537,Pecorino Romano or Parmigiano Reggiano
538,endive
539,butter or coconut oil
540,fat ColbyJack cheese
541,mozzarella
542,ripe mango
543,whole wheat seasoned breadcrumbs
544,rigatoni pasta
545,elbows
546,Italian eggplants
547,real maple syrup
548,melted peanut butter or melted white chocolate
549,sodium beef broth
550,walnuts or pecans
551,cayenne
552,pepper
553,Ketchup
554,raw hemp seeds
555,chives or parsley
556,Meyers rum or rum extract
557,shallot
558,Kosher Salt and black pepper
559,fat Philadelphia Cream Cheese
560,adobo
561,avocado from Hass
562,fat Philadelphia cream cheese
563,herbs such as basil or parsley for topping
564,fat free plain yogurt
565,sesame oil
566,DeLallo whole wheat linguini
567,fat free ricotta cheese
568,ciabatta
569,Aarons Adobo
570,readytobake pie dough
571,beef roast
572,French bread or baguette
573,lobster tails
574,fatfree
575,zest of one orange
576,low calorie dairy or dairyfree ice cream
577,tomatoes and their juices
578,light butter spread
579,scotch bonnet pepper
580,leaves
581,Olive oil spray
582,distilled white vinegar
583,whole black peppercorns
584,mint leaves
585,linguine
586,cake meal
587,turkey kielbasa
588,hard corn taco shells
589,golden balsamic
590,blackberries and strawberries
591,chives or scallion greens
592,gnocchi
593,Pecorino Romano or Parmesan cheese
594,lettuce
595,lowsodium chicken stock
596,jasmine rice
597,panko breadcrumbs
598,Italian Bread
599,in
600,toppings berries
601,long grain rice
602,whole butternut squash
603,grilled corn kernels
604,cayenne pepper
605,One tomatoes with liquid
606,light blue cheese dressing
607,lean sirloin
608,POM Wonderful
609,light coconut milk
610,chicken drumsticks and thighs
611,just under sun dried tomatoes
612,watermelon with rind and lime wedges
613,Flounder
614,light or dark brown sugar
615,nonfat Greek yogurt
616,chives or shallots
617,Dressing
618,white mushrooms
619,fat cheddar jack
620,washed
621,special sauce
622,cucumbers
623,chicken drumsticks on the bone
624,Italian dried herbs
625,ripe tomato
626,raw cashews
627,whole milk plain yogurt
628,guacamole
629,Dough for
630,paprika
631,calletsdiscs
632,whole wheat breadcrumbs or panko
633,no salt added kidney beans
634,Sumac
635,top or eye
636,Olive oil
637,Pecorino romano cheese
638,mini mozzarella balls
639,shrimp
640,g alcaparrado or green olives
641,knob ginger
642,coriander
643,pickled Jalapeno
644,whole plum tomatoes
645,caramelized onions
646,Mayonnaise
647,Lacinato kale leaves
648,g bestquality white chocolate
649,Greek Yogurt
650,angel hair spaghetti broken
651,coconut whipped cream
652,rosemary leaves
653,vine tomatoes
654,rack that comes with the Instant Pot
655,baby kale leaves
656,thawed
657,jar marinated artichoke hearts
658,fat provolone or mozzarella
659,hulled pumpkin seeds
660,mandoline
661,sugar free apricot preserves
662,white vinegar
663,white wine or sherry
664,french bread
665,ham
666,Nonstick cooking spray
667,celery heart stalks with leaves
668,live mussels
669,jalapeo in
670,light whipped cream
671,soft goat cheese log
672,unsalted almonds
673,parmesan cheese for garnish
674,whole wheat calorie hamburger rolls
675,dried red kidney beans
676,good crusty bread
677,blackberries
678,papaya
679,with bone
680,lowfat
681,mashed
682,greens such as escarole
683,jalapeno peppers
684,kosher and black pepper
685,black pepper
686,juice of lemon juice
687,mustard
688,pecan halves
689,fat Mexican cheese
690,cheddar or DF cheese
691,Green Giant Riced Cauliflower Medley
692,course yellow cornmeal
693,hot pepper
694,Orange Liquor
695,reducedfat provolone or mozzarella
696,fat
697,multigrain hot cereal
698,chicken or veggie bouillon
699,turkey breast
700,maple
701,Philadelphia lessfat cream cheese
702,dark chocolate chips
703,nutmeg
704,unseasoned panko breadcrumbs
705,Old Bay
706,sun dried tomatoes in oil
707,green beans
708,torn romaine
709,baby pasta shells
710,sriracha or Louisiana style hot pepper sauce
711,herbes de provence or dried rosemary
712,strong concentrated coffee
713,white cabbage
714,garlic
715,chipotle chile powder
716,DeLallo Gluten Free
717,reducedfat Cheddar I used Cabot
718,herbs such as basil or parsley
719,rainbow Swiss chard
720,grapefruit
721,chipotle in adobo
722,hot sauce
723,mozzarella I like PollyO
724,snow peas
725,seasoned whole wheat breadcrumbs
726,container chicken bone broth
727,seasoned Panko Breadcrumbs
728,creamy nut butter
729,apples
730,Parmesan cheese rind
731,baby cucumbers
732,marinara
733,ripe spaghetti squash
734,monk fruit
735,black and white sesame seeds as garnish
736,tricolor or red quinoa
737,bag baby spinach
738,navel orange
739,chicken tenderloin
740,green chili peppers
741,fat free ricotta
742,course salt
743,peas and carrots
744,whipped cream
745,pear
746,fat free Chobani Greek yogurt
747,Juice of lemon
748,good quality black olives
749,smoky paprika
750,chipotle chile in adobo
751,crock pot picadillo
752,sweet potatoes
753,halloumi cheese
754,Sriracha andor Louisianastyle hot sauce
755,raw quick oats
756,unsweetened plain almond milk
757,raw and deveined shrimp
758,up florets
759,grapefruit juice from reserved of grapefruit
760,angel foods cake
761,coconut or canola oil
762,Italian seasoning or dried thyme
763,hot paprika
764,craisins
765,vanilla protein powder
766,fat cottage cheese
767,confectioners sugar
768,bouillon
769,green or red cabbage
770,dried unsweetened cranberries
771,Hellmanns light mayo
772,dried raisins
773,unsalted macadamias
774,Delallo virgin olive oil
775,no crust
776,onion powder
777,converted brown rice
778,Gochujang
779,low fat buttermilk
780,superfine sugar
781,green olives
782,garlic clove
783,lime wedges and cilantro for garnish
784,Monk fruit sweetener with erythritol
785,adobo seasoning salt
786,whole tomatoes
787,oyster crackers
788,Toppings banana
789,Hellmans light mayonnaise
790,Cool Whip Free
791,dark honey
792,tomato paste
793,low sodium vegetable broth
794,red pepper flakes
795,Franks hot sauce
796,marinara for serving
797,basil pesto
798,steak seasoning like Montreal Steak Grill Mates
799,all purpose unbleached flour
800,whole wild salmon filet
801,ice water
802,paprika for sprinkling
803,ripe red heirloom or beefsteak tomatoes
804,liquid stevia for sweetness
805,matoes
806,Pecorino Romano cheese
807,chicken bouillon
808,baby greens like spinach and arugula
809,flour or corn tortillas
810,low carb whole wheat flour tortillas I used La Tortilla Factory
811,Cheese Stick
812,Wholesome Organic Powdered Sugar
813,vineripened tomatoes
814,gin
815,allpurpose unbleached
816,pepper Jack cheese
817,black Italian styled olives
818,bunches kale
819,cinnamon
820,fat Mexican blend cheese
821,Italian Chicken Sausage Links
822,veggies noodles or glutenfree noodles
823,Dijon mustard
824,whole raw almonds
825,cheese for topping
826,strawberries
827,whipped butter
828,zucchini
829,salmon filet
830,mint
831,full fat Stonyfield Greek yogurt
832,stalks of celery
833,white wine vinegar
834,carton
835,angel hair pasta
836,pickles
837,Juice from lemon
838,red grapes
839,pasta rotini
840,good quality dark chocolate
841,soy sauce or GF soy sauce
842,scallions or cilantro
843,poblano pepper
844,partskim ricotta
845,pearled farro
846,fat free refried beans
847,dried blackeyed peas
848,homemade marinara sauce
849,baby arugula and baby spinach mix
850,fat free whipped cream
851,spaghetti
852,Better n Peanut Butter
853,dried blueberries
854,chorizo
855,red potato
856,slivered almonds
857,Italian spicy or sweet chicken sausage
858,tomatillos
859,sugar free
860,whole grain bread
861,Everything Bagel Seasoning
862,Absolut Citron
863,One pumpkin puree
864,whole grain English muffins
865,Delallo Pomodoro Fresco Marinara
866,Sweet paprika
867,French bread
868,Persian cucumbers
869,protein milk
870,butter beans
871,walnuts
872,extravirgin olive oil for serving
873,pineapple
874,chives andor cilantro
875,raw chicken breast cutlet
876,Parmesan cheese for topping
877,lean beef patties
878,Palmini hearts of palm linguini
879,adobo powder
880,sofrito
881,cracked pepper
882,plain low fat plain Stonyfield yogurt
883,confectioners sugar for dusting
884,tesp butter
885,beaten egg
886,dried Delallo spaghetti
887,dark molasses
888,Rotel tomatoes with chiles
889,beefsteak tomato
890,cranberries
891,Ghirardelli Dark Chocolate Melting Wafers
892,red peppers
893,sunflower seeds
894,Ciabatta
895,garnish cilantro
896,pint cherry or grape tomatoes
897,Truwhip for topping
898,cheddar or pepper jack cheese
899,thyme for garnish
900,black and white sesame seeds
901,Romaine
902,Organic mini cucumbers
903,Chobani Greek yogurt
904,cherries for garnish
905,portobello mushrooms
906,red pepper flakes or sriracha
907,heavy whipping cream
908,Badia Sazon seasoning
909,zest and juice of lime
910,smoked paprika
911,ripe plum
912,figs
913,cracked black pepper
914,eggs
915,container partskim ricotta cheese
916,Bakers white chocolate
917,cajun seasoning
918,egg whites from egg whites
919,unsalted butter or I Cant Believe Its Not Butter Light
920,baby carrots
921,thick sourdough bread
922,Harrisa
923,raw chicken tenders
924,raw pumpkin seeds
925,Pillsbury pie crust
926,French bread or good crusty Italian bread
927,skinny blue cheese dressing
928,super firm tofu
929,plum tomatoes
930,part skim mozzarella cheese Sargento
931,ham steak or deli ham
932,grapefruit wedge for serving
933,salsa verde
934,low sodium smoked ham steak
935,lean chicken thighs
936,collard greens
937,sugar grape jelly
938,pearl barley
939,cold smoked salmon
940,lime juice or rice vinegar
941,Kosher salt and pepper
942,yellow cake mix
943,saffron threads
944,dried lentils
945,spiralized or julienne
946,bay scallops
947,good quality balsamic vinegar
948,portobella mushroom caps
949,vegetables
950,Ice
951,corn flake crumbs
952,King Arthur white whole wheat flour
953,fat Swiss
954,Thai fish sauce
955,fat vanilla yogurt or Halo Top ice cream
956,Irish steel oats
957,chilled English cucumber
958,self rising cake flour
959,Reynolds Wrap Heavy Duty Aluminum Foil
960,liquid stevia
961,ponzu
962,jar
963,parmesan cheese
964,fat free Fage Greek Yogurt
965,habanero pepper
966,Olive or canola oil spray
967,broccoli florets
968,genoa salami
969,toppings avocado
970,eggs or egg whites
971,Reynolds Wrap heavy duty foil
972,yellow peaches
973,basil or parsley for topping
974,cheddar
975,tomatoes cherry or grape tomatoes
976,links spicy Chicken Italian Sausage
977,Jasmine Rice
978,Franks Hot sauce
979,sweet apple
980,mozzarella cheese
981,plastic wrap
982,up apples
983,fruit
984,use ham
985,sake or white wine
986,Coke zero
987,butter flavored Pam
988,cavatappi
989,cooking spray or oil mister
990,bulb garlic
991,all excess liquid out
992,green chiles
993,fish filets
994,baby bella
995,Smart Balance oil
996,sambal oelek or sriracha
997,white rum
998,light butter
999,red chile flakes
1000,flat leaf parsley
1001,jumbo
1002,marjoram
1003,worcesterchire sauce
1004,wild salmon fillet
1005,fat cheese
1006,course wheat bran flour
1007,Rotel tomatoes
1008,Better than Bouillon Chicken
1009,Alpine Lace Swiss cheese
1010,sugar for topping
1011,bell pepper
1012,candy eyes
1013,Adobo seasoning
1014,up
1015,grain flour
1016,kosher coarse salt
1017,Delallo cheese tortellini
1018,light beer such as corona light
1019,sirloin tip steak
1020,grapeseed oil
1021,burger buns
1022,shallots or red onion
1023,box noboil lasagna noodles
1024,ripe hass avocados
1025,jar roasted red peppers
1026,glutenfree oat flour
1027,pasta
1028,lean pork sirloin cutlets
1029,brussels sprouts
1030,garlic cloves
1031,leek white part only
1032,homemade sazon
1033,Bai Molokai Coconut Antioxidant Infusion
1034,Italian parsley
1035,Delallos Organic Whole Wheat Elbow Past
1036,jumbo and deveined shrimp
1037,high fiber elbows
1038,turkey ham
1039,ginger or garlic
1040,Pecorino cheese
1041,sweet Hungarian Paprika
1042,chicken breast or thighs
1043,Four Chilean sea bass fillets
1044,with achiote
1045,chicken Better than Bouillon
1046,fig
1047,links sweet Italian turkey or chicken sausage
1048,dried onion flakes
1049,whole wheat linguine
1050,scallions
1051,garnish of light cream
1052,burrata cheese
1053,Italian flatleaf parsley
1054,sambal oelek
1055,divided
1056,cooled brown rice
1057,beef or vegetable stock
1058,reducedfat Mexican blend cheese
1059,dill pickle juice
1060,peanut oil
1061,celery salt
1062,chickpeas or white beans
1063,blood orange
1064,Boursin cheese
1065,Sriracha or Chilegarlic sauce
1066,tuna in water
1067,unbleached all purpose
1068,dried tomatoes
1069,Parmigiano Reggiano cheese
1070,flatleaf parsley for garnish
1071,part skim mozzarella cheese
1072,Hoisin sauce
1073,Hot sauce andor your favorite salsa
1074,navy beans
1075,all fat
1076,low fat cottage cheese
1077,mustard greens
1078,fruit top
1079,crisp Iceburg lettuce
1080,melted semisweet chocolate
1081,homemade marinara
1082,Navitas
1083,zaatar
1084,spring mix lettuce
1085,dried Italian seasoning or Parsley
1086,jalapeo or serrano pepper
1087,fullfat mozzarella
1088,parsnip
1089,tomatoes I prefer Tuttorosso
1090,red enchilada sauce
1091,tostada shells
1092,chicken bouillon cube
1093,roasted peanuts
1094,unsalted pistachios
1095,baguette or French bread
1096,white fish fillets flounder
1097,Pecorino Romano or parmesan
1098,Cold water
1099,olive oil or coconut oil
1100,Stonyfield Greek yogurt
1101,basil leaves leaf chiffonade for garnish
1102,oldfashioned or quickcooking rolled oats
1103,mandarin oranges
1104,long grain rice or basmati rice
1105,cider vinegar
1106,etc
1107,butternut puree
1108,shishito peppers
1109,cayenne powder
1110,tricolor coleslaw
1111,seasoned wheat or glutenfree panko
1112,serrano pepper
1113,preshredded carrots
1114,Great Northern or White Kidney beans
1115,partskim cheddar cheese
1116,dried cherries or cranberries
1117,tomatoes
1118,additional sugar or sweetner
1119,roasted red peppers
1120,Sambal Oelek
1121,dried bay leaves
1122,Pecorino romano
1123,Stonyfield Organic plain Greek yogurt
1124,dried pinto beans
1125,dried Zataar seasoning
1126,Sourdough bread
1127,Delallo GlutenFree Penne
1128,water chestnuts
1129,herbs for garnish
1130,readytoeat sun dried tomatoes
1131,COLD water
1132,roasted corn kernels
1133,Zaatar or black pepper
1134,off the cob
1135,Sesame seeds
1136,Sriracha mayo or sriracha
1137,orangefleshed sweet potatoes
1138,chili
1139,duck sauce or spicy mustard
1140,vanilla protein
1141,sodium Swanson chicken broth
1142,lean Italian chicken sausage
1143,white firm fish fillet
1144,Parmesan rind
1145,Pecorino Romano
1146,key lime
1147,romaine or red leaf
1148,whole pistachios
1149,whole scotch bonnet hot pepper
1150,high fiber spaghetti such as Ronzoni Smart
1151,sriracha sauce
1152,pepperoncini
1153,Pam cooking spray
1154,red onion
1155,Virgin Olive Oil
1156,Baileys Irish Cream
1157,sirloin beef
1158,nonfat plain Greek yogurt
1159,virgin oil
1160,sour dough bread
1161,canTuttorosso tomatoes
1162,One whole tomatoes
1163,lowcarb whole wheat or glutenfree tortilla
1164,pasta such as Acini di pepei
1165,semisoft goat cheese
1166,lime wedges for squeezing
1167,mozzarella cheese balls
1168,toasted
1169,lime or lime juice
1170,Cheddar cheese
1171,clover honey or pure maple syrup
1172,honey grain bread
1173,fluff
1174,wooden skewer
1175,marinara or pizza sauce
1176,russet potato
1177,baking powder
1178,short grain brown rice
1179,penne pasta
1180,Parmesan or Pecorino Romano cheese
1181,beef or sirloin steaks
1182,swordfish steaks
1183,sweet Spanish paprika
1184,microgreens
1185,reducedsodium soy sauce
1186,coarsely mashed
1187,sour cream or Greek yogurt
1188,whipping cream
1189,Chinese chives
1190,scallion
1191,tomato sauce
1192,cauliflower with leaves
1193,crisp corn taco shells
1194,Thai or Italian basil leaves
1195,oldfashioned oat
1196,raw honey
1197,queso blacno
1198,whole wheat potato rolls
1199,watercress
1200,plain nonfat Greek yogurt
1201,homemade applesauce
1202,cauliflower rice
1203,parchment paper
1204,lemon peel use vegetable peeler
1205,premium lump crab meat
1206,allpurpose flour
1207,Kosher sea salt
1208,red bliss potatoes
1209,pumpkin pie spice or cinnamon
1210,whole garlic cloves
1211,natural brown rice
1212,sweet red bell pepper
1213,Toppings
1214,Duncan Hines Dark Chocolate Fudge Cake mix
1215,almond or any milk
1216,heirloom tomato
1217,chili pepper or jalepeno
1218,pancetta
1219,walnut halves
1220,Paprika
1221,paste
1222,milk or water
1223,low sodium vegetable or chicken broth
1224,reducedfat provolone
1225,pomegranate juice
1226,dried porcini mushrooms
1227,part skim cheddar cheese
1228,snap peas
1229,white balsamic vinegar
1230,oregano
1231,homemade enchilada sauce
1232,sugar pumpkin
1233,pint grape tomatoes
1234,matillo
1235,red and green cabbage
1236,Panko breadcrumbs
1237,white northern or navy beans
1238,part skimshredded cheddar cheese
1239,dark soy sauce
1240,turkey hot dogs
1241,key lime juice
1242,turkey chorizo
1243,dried whole Mexican oregano
1244,reducedsodium vegetable broth
1245,sugar snap peas
1246,thyme leaves
1247,corn tostada shells
1248,seasoned rice vinegar
1249,clove garlic
1250,green pepper
1251,rice paper sheets
1252,parsley
1253,green cabbage
1254,prosciutto ham Dilusso
1255,baby bok choy
1256,nori
1257,meat thermometer
1258,sugar free chocolate chips
1259,roma or vine tomato
1260,Harry Davids Apple Cherry Chutney
1261,sriracha hot chili sauce
1262,butter lettuce
1263,pork country style ribs
1264,green chili
1265,Skinny
1266,chicken breast cutlet
1267,Puerto Rican sofrito
1268,Green Giant Broccoli and Cheese Veggie Tots
1269,double prong metal skewers
1270,canola oil or you could use butter
1271,low fat sour cream
1272,juice
1273,orzo
1274,maple syrup or honey
1275,monk fruit brown sugar
1276,chicken or vegetable stock
1277,parsley or basil for garnish
1278,peppermint concentrate
1279,chili sauce
1280,manicotti pasta shells
1281,basil leaf
1282,Club Soda
1283,pumpkin butter
1284,Persian or English cucumber
1285,cartons chicken broth
1286,lemon wedges
1287,dried marjoram leaves
1288,tabasco sauce
1289,Nonstick oil spray
1290,chicken or vegetable broth
1291,grilled chicken cutlets
1292,feta or queso fresco cheese
1293,fatfree sweetened condensed milk
1294,lean chicken sausage
1295,highfiber flour tortilla with calories
1296,whole side of wild salmon
1297,oyster sauce
1298,bleu cheese
1299,strawberry top
1300,cornstarch or arrowroot
1301,vanilla
1302,Iceberg lettuce
1303,butternut
1304,pink or red kidney beans
1305,reducedfat Ritz crackers
1306,organic pie pumpkin
1307,l
1308,allpurpose flour for dusting
1309,sodium
1310,cherry for topping
1311,dried thyme
1312,part skim ricotta cheese
1313,juice from lemon
1314,g ginger
1315,chives for garnish
1316,raw hulled pecans
1317,low sodium deli ham
1318,chives or dill
1319,fat sour cream or fat free Greek yogurt
1320,SimplyNature Organic Baby Spinach Arugula Mix
1321,anatto seeds achiote or turmeric
1322,homemade turkey sausage meat
1323,leanground beef
1324,pecans
1325,thyme or rosemary
1326,light Hellmans mayonnaise
1327,unflavored protein powder
1328,bay leaf
1329,gluten free or fat Graham crackers
1330,pasta such as Ronzoni Smart or Dreamfields
1331,Flaky sea salt
1332,lowcarb whole wheat tortilla
1333,low fat swiss
1334,lightly salted peanuts
1335,fat free vegetable stock or broth
1336,unsalted tomato paste
1337,brown monk fruit sweetener
1338,Monk Fruit sweetener
1339,scallion greens
1340,white whole wheat flour
1341,Italian chicken or turkey sausage
1342,heart of palm
1343,thick broccoli stems
1344,fat Sargento Mexican Blend cheese
1345,tequila
1346,baby portobello mushrooms
1347,ripe
1348,Pom Wonderful pomegranate juice
1349,mini wontons
1350,Creamy Cilantro Tomatillo Dipping Sauce
1351,jar enchilada sauce I used my own
1352,reduce fat Mexican cheese blend
1353,tricolor coleslaw mix
1354,flat kale
1355,Cremini or baby Bella mushrooms
1356,oil for the grill
1357,thick red onion
1358,unflavored gelatin
1359,cannellini or navy beans
1360,basil leaves for garnish
1361,Italian turkey or chicken sausage links
1362,chicken
1363,maple sugar
1364,paprika and garlic powder
1365,Slap Your Mama
1366,San Marzano whole plum tomatoes
1367,sweet potatoes or yams
1368,bamboo skewers
1369,multi color sesame seeds
1370,white onions
1371,ricotta
1372,dried Italian seasoning
1373,Navy beans
1374,lemon zest of lemon
1375,lesssodium chicken broth
1376,whole wheat pearl couscous
1377,Extravirgin olive oil spray
1378,hot cayenne pepper sauce
1379,Extravirgin olive oil
1380,sprouts
1381,French baguette
1382,Thai green curry paste
1383,jalapeos
1384,yellow squash
1385,turkey pastrami
1386,chocolate syrup serve
1387,jar roasted red peppers in water
1388,lowsodium chicken broth
1389,chicken drumsticks
1390,fluke
1391,strawberry jam
1392,Mexican cheese
1393,long julienne with mandolin or spiralizer
1394,dried unsweetened coconut
1395,good quality vodka
1396,Avocado
1397,liquid mesquite smoke
1398,yellow bell peppers
1399,calorie sandwich roll
1400,sugar or stevia
1401,pearl Israeli couscous
1402,sourdough bread
1403,Mina green spicy harissa
1404,fat free chicken or vegetable broth
1405,whole wheat calorie buns
1406,lard
1407,pineapple juice or orange juice
1408,Chavrie goat cheese log
1409,soy sauce
1410,albacore tuna
1411,links
1412,fat gorgonzola
1413,Pecorino Romano Cheese
1414,racks of lamb
1415,soy sauce or gf soy sauce
1416,good quality parmesan
1417,barley
1418,Idaho or Russet potatoes
1419,whipped cream and colored sprinkles
1420,mango pure
1421,jarred hot cherry peppers
1422,unsweetened pineapple
1423,Bocconcini mozzarella
1424,golden mustard
1425,spearmint leaves
1426,pasta such as ditalini
1427,bowtie pasta
1428,Lemon wedges
1429,soft tacosize low carb flour tortilla
1430,whole wheat spaghetti
1431,favorite BBQ sauce
1432,Sriracha
1433,all purposeflour
1434,mato
1435,leeks
1436,firm white fish such as cod
1437,cilantro or cilantro micro greens for garnish
1438,Cabots Light Vermont Cheddar
1439,saffron
1440,ricotta cavatelli
1441,Super Moist Low Fat Chocolate Cupcakes
1442,raw sweet chicken sausage
1443,broccoli rabe
1444,acini di pepe
1445,dried oregano
1446,yellow peas
1447,andor basil
1448,graham cracker crumbs
1449,sweet chili sauce
1450,toothpicks
1451,green olives or alcaparrado
1452,baby red or yukon gold potatoes
1453,buffalo sauce
1454,crudites
1455,white whole wheat
1456,chicken Better Than Bouillon
1457,corned beef brisket in brine
1458,groundblack pepper
1459,grams sargento part skim mozzarella
1460,white chocolate or cheesecake instant pudding mix
1461,whole reducedfat or glutenfree graham crackers
1462,rice wine or sherry
1463,beef stew meat
1464,anchovy fillets
1465,reducedfat Mexican cheese
1466,Tabasco sauce
1467,assorted colors bell peppers
1468,kosher salt cracked pepper
1469,Stonyfield Plain Fat Greek Yogurt
1470,fat bacon
1471,noodles
1472,avocado oil
1473,Imported tomatoes
1474,celery stalk
1475,steak beef sirloin
1476,Kosher salt and cracked pepper
1477,fat sour cream or Greek yogurt for topping
1478,Warmed pita bread wedges
1479,cheddarjack cheese
1480,lasagna noodles
1481,ears of corn
1482,Hersheys Lite chocolate syrup
1483,dried oregano leaves
1484,Nova Lox or smoked salmon
1485,white mushroom
1486,red beets
1487,powdered peanut butter
1488,whole wheat pastry flour
1489,flank steak
1490,parmesan
1491,kiwifruit
1492,whole Burrata cheese
1493,sweet Italian sausage
1494,juice from lemon or lime
1495,Meyers rum
1496,heavy cream
1497,golden raisins
1498,unsweetened good quality cocoa powder
1499,organic
1500,kale leaves
1501,Peanut Dipping Sauce
1502,Sargento fat provolone or mozzarella
1503,carrots
1504,sherry
1505,chicken Andouille sausage
1506,corn kernels
1507,lean chicken
1508,milk of choice
1509,egg substitute
1510,leanground turkey breast
1511,white rice and lime wedges
1512,multicolor baby potatoes
1513,Kansas City BBQ Sauce
1514,agave or sugar
1515,water if needed
1516,lean turkey
1517,whole roasted unsalted almonds
1518,seasoning salt
1519,in juice
1520,Harissa
1521,kosher salt
1522,bananas
1523,balsamic glaze
1524,slivered red onion
1525,sherry vinegar
1526,soft tacosize Flour Tortilla
1527,spiralized
1528,fat Sargento Mexican blend
1529,spiced rum or bourbon
1530,sesame seeds
1531,flax
1532,rare roast beef
1533,slaw
1534,bourbon
1535,good quality Dijon mustard
1536,vegetable or chicken bouillon cube
1537,fat whipped topping
1538,florets heaping
1539,Edible ink markers
1540,lean Italian turkey sausage
1541,mini phyllo shells
1542,Sweet Potatoes
1543,milk of your choice
1544,rib celery
1545,chicken thighs on the bone
1546,Stonyfield full fat plain yogurt
1547,dried zaatar or oregano
1548,potatoes
1549,bay leaves
1550,queso fresco or queso blanco
1551,pineapple in pineapple juice
1552,parsley for serving
1553,pomegranate seeds
1554,Hickory smoked spiral ham
1555,Butter or Bibb Lettuce
1556,celery
1557,lowsodium black beans
1558,green Tabasco
1559,whole wheat Italian or French bread or gluten free bread
1560,white vanilla extract
1561,macadamias
1562,Pine nuts
1563,lowsodium vegetable or chicken broth
1564,neck clams
1565,honeynut squash
1566,Gorgonzola cheese
1567,raw or riced cauliflower
1568,baby kale
1569,flaked sweetened coconut
1570,parsley for garnish
1571,Gruyre cheese
1572,ripe plantains
1573,lemon juice or apple cider vinegar
1574,sugarfree chocolate chips
1575,good quality cottage cheese
1576,corn
1577,monk fruit sweetener blend
1578,egg yolk
1579,partskim mozzarella PollyO
1580,fat free Greek or plain yogurt
1581,light brown sugar
1582,Bacardi Rum
1583,whole wheat couscous
1584,sweet BBQ sauce
1585,alcaparrado
1586,smoked turkey sausage
1587,rhubarb stalks
1588,bok choy
1589,Sprinkles of your choice
1590,Pasta Shells
1591,spearmint
1592,breast poached chicken breast recipe follows
1593,Brie
1594,sweetened coconut
1595,raw chicken breakfast sausage
1596,Zaatar
1597,whole wheat burger buns
1598,mms
1599,garlic scape basil pesto
1600,Marinara or your
1601,pink or red beans
1602,iceberg lettuces outer leaves
1603,Salt pepper
1604,yellow potatoes
1605,Its best peel the potatoes last as they get brown fast Once you them
1606,seafood or fish stock
1607,tart green apples
1608,sodium Montreal Chicken Seasoning
1609,thinsliced kale
1610,reducedsodium chicken
1611,neutral oil
1612,Duncan Hines Red Velvet Cake mix
1613,crock pot chicken taco chili
1614,pretzels
1615,Monterey Jack cheese
1616,Skinny Blue Cheese Dressing
1617,melted
1618,glutenfree Tamari
1619,northern beans
1620,cheese
1621,cloves garlic
1622,Hickory liquid smoke
1623,Pecorino or Parmesan
1624,brandy
1625,ParmigianoReggiano
1626,g carrots
1627,red beans
1628,long orange rind
1629,whole yogurt
1630,baby carrot
1631,fat free greek yogurt
1632,cream of coconut such as coco lopez
1633,lemon or lime twist
1634,semisweet chocolate
1635,orange bell peppers
1636,quick cooking oatmeal
1637,ml sodium soy sauce or tamari for glutenfree option
1638,linguini
1639,raw fish fillet
1640,smooth peanut butter
1641,fine sea salt
1642,colored sprinkles and cherry
1643,squash
1644,raw chicken tenders or breast
1645,anchovy filets
1646,fat free plain Chobani
1647,powdered sugarfree pink lemonade mix
1648,cod or halibut filet
1649,cutlets
1650,whole wheat or glutenfree Italian seasoned breadcrumbs
1651,garlic lovers roast beef
1652,celery leaf for garnish
1653,glutenfree or wheat rotini pasta
1654,Reggiano Parmigiano cheese
1655,juicy limes
1656,carrot sticks
1657,salted butter
1658,lettuce of your choice
1659,Chinese five spice
1660,monk fruit sweetener
1661,unsweetened cocoa
1662,salmon filets
1663,Roma
1664,unseasoned rice vinegar
1665,sodium deli ham
1666,rosemary or oregano
1667,full fat yogurt
1668,part skim mozzarella
1669,cheddar cheese
1670,vodka
1671,organic baby greens
1672,heaping cacao nibs I used
1673,yellow pepper
1674,ripe plums
1675,skinny pumpkin granola
1676,reducedfat cheddar Cabot
1677,dicedavocado
1678,oysters
1679,homemade pumpkin puree
1680,gorgonzola or blue cheese
1681,chicken cutlets
1682,chicken wings
1683,chicken legs
1684,Sargento fat Swiss cheese
1685,glutenfree or white whole wheat flour
1686,scallops
1687,dried bay leaf
1688,white pepper
1689,corn cobs
1690,sodium soy sauce or glutenfree tamari
1691,coarsely kale
1692,hemp seeds
1693,homemade bagels
1694,unsweetened dutch cocoa powder
1695,giant zucchini
1696,mozzarella or provolone cheese
1697,baby romaine lettuce leaves
1698,Yukon gold potatoes
1699,herbs de Provence
1700,Canadian Bacon
1701,Swiss or Gruyere cheese
1702,onion flakes
1703,white onion
1704,light tuna
1705,pickled jalapeo
1706,Wilton eyeball candy
1707,cinnamon for sprinkling
1708,pureed pumpkin
1709,Smart Balance baking spray
1710,almond or coconut milk
1711,pasta con sarde
1712,fat vanilla wafers
1713,reducedfat buttermilk
1714,light brie
1715,rainbow carrots
1716,roasted and shelled pistachios
1717,light agave
1718,mini Cadbury chocolate eggs
1719,kosher salt and cracked pepper
1720,reducedfat graham cracker pie crust
1721,high fiber spaghetti
1722,skim milk or milk of your choice
1723,mashed ripe bananas
1724,strawberry pie filling
1725,glutenfree sodium soy sauce
1726,chili paste
1727,Herb Garlic Butter
1728,fatfree ricotta
1729,red bell peppers
1730,shells
1731,beef eye roast
1732,furikake
1733,water
1734,red onions
1735,whole wheat calorie potato buns
1736,fat free lowsodium chicken broth
1737,coriander seeds
1738,chipotle paste or peppers in adobo sauce
1739,Skinny Tzatziki
1740,whole wheat baguette thick
1741,salt
1742,kosher salt and white pepper
1743,lacinato Tuscan kale or Swiss chard
1744,all purpose or glutenfree flour
1745,sushigrade tuna
1746,sockeye wild salmon
1747,jarred tomatillo sauce
1748,mandolin
1749,chocolate sprinkles
1750,Chicken Better Than Bouillon
1751,Avocado Yogurt Dressing
1752,yellow bell pepper
1753,pork
1754,olive oil
1755,turkey tenderloins
1756,Parmesan or Pecorino cheese
1757,Toppings tomatoes
1758,Homemade Kansas City BBQ Sauce
1759,Italian chicken sausage
1760,Brussels sprouts
1761,Herbes de Provence
1762,hot vegetable broth
1763,wide mouth jars
1764,kalamata or gaeta olives
1765,cannellini beans
1766,light beer
1767,cilantro for serving
1768,dill pickle and red onion
1769,quick cooking brown rice
1770,styrofoam block
1771,orange jellybeans or candy corns for the nose
1772,deli turkey
1773,scallions and cilantro
1774,Cadbury mini chocolate eggs
1775,blue cheese dressing
1776,Calabrian chili peppers
1777,English light whole wheat muffins
1778,fullfat unsweetened coconut milk
1779,Zest and juice from lime
1780,lean turkey breast
1781,pesto
1782,spray
1783,bran flakes
1784,Sweet Red Chili Sauce
1785,warmed maple syrup
1786,scallions along diagonal
1787,green scallions or chives
1788,skinny garlic mashed potatoes
1789,g peanut butter or almond butter
1790,roast or eye
1791,packet light tuna in water
1792,Parmesan or Romano
1793,water or chicken broth
1794,broccoli and cheese
1795,wedges
1796,Bobs Red Mill Gluten Free All Purpose Flour
1797,ancho chile powder
1798,Skinny Creamy Caesar Dressing
1799,salt and pepper
1800,beef sandwich steaks
1801,Microgreens
1802,heavy duty aluminum foil
1803,reducedfat sour cream
1804,fat free
1805,vanilla beans
1806,dried dill
1807,virgin olive
1808,spicy Chicken Italian Sausage
1809,jalapeno pepper
1810,whole milk mozzarella cheese
1811,watermelon
1812,mediumsized shrimp
1813,parmesan or asagio cheese
1814,high fiber low carb whole wheat wraps
1815,unsweetened applesauce
1816,fat Greek yogurt
1817,red or yellow lentils I used red
1818,French green beans
1819,Pecorino Romano or parmesan cheese rind
1820,San Marzano Style tomatoes
1821,lowfat classic cottage cheese
1822,hard boiled egg
1823,milk fat curd cottage cheese
1824,sprouts such as daikon radish
1825,kosher salt black pepper
1826,packet sazon seasoning
1827,nut or dairy milk
1828,zucchini squash
1829,granny smith apples
1830,light whole wheat bread
1831,ParmigianoReggiano cheese
1832,corn tortillas
1833,orange or red bell pepper
1834,your favorite salsa
1835,chorizo link
1836,Parmesan Cheese
1837,neck clams or Manila clams
1838,monk fruit sweetener or stevia
1839,plum or Campari tomato
1840,Stonyfield Plain Fat Yogurt
1841,panko bread crumbs
1842,low sodium
1843,seasoned bread crumbs
1844,turkey pepperoni
1845,Hellmans mayonnaise
1846,Cooking spray
1847,Bobs Red Mill gluten free flour
1848,angel food cake
1849,tomatoes and green chilies
1850,heirloom tomatoes
1851,part skim Swiss cheese
1852,Parmigiano Reggiano Rind
1853,fat free plain Greek yogurt
1854,chicken or turkey breast
1855,pumpkin pie spice
1856,hazelnuts
1857,Zesty avocado cilantro dressing
1858,tomatoes with juice
1859,whole chocolate graham crackers
1860,Delallo Whole Wheat Acini di Pepe
1861,oil
1862,Sour cream
1863,Worchestershire sauce or browning
1864,sushi grade ahi tuna
1865,King Arthur all purpose flour
1866,lowsodium
1867,light Swiss Cheese such as Alpine Lace
1868,red kidney beans
1869,vine ripe tomatoes
1870,broccoli heads
1871,lowcalorie hamburger buns
1872,dates or raisins
1873,Lacinto kale
1874,blood oranges
1875,Meat thermometer must
1876,serrano chili
1877,pink grapefruits
1878,corn on the cobb with the husk
1879,plain yogurt or light sour cream
1880,straberries or bananas
1881,Romaine lettuce leaves
1882,low fat milk
1883,honey
1884,Masa Harina corn flour
1885,sugar or agave
1886,butternut squash
1887,black mission figs
1888,olive oil nonstick spray
1889,virgin coconut oil
1890,toppings
1891,chickpeas
1892,dried Italian herbs
1893,Tajin Classic or chililime seasoning
1894,grape or cherry heirloom tomatoes
1895,Delallo red wine vinegar
1896,toasted sesame seeds for serving
1897,square semisweet baking chocolate
1898,lemon zest from of lemon
1899,Asiago cheese
1900,Orecchiette pasta
1901,celery stalks and carrot sticks
1902,chicken breast halves
1903,soft goat cheese
1904,corn taco shells
1905,roasted red pepper
1906,imported tomatoes Tuttoroso
1907,square wonton wrappers
1908,part skim milk ricotta
1909,La Tortilla Factory Whole Wheat Low Carb
1910,sundried tomatoes in oil
1911,Cajun or Creole seasoning
1912,lean
1913,whole wheat seasoned bread crumbs
1914,whole wheat Italian seasoned breadcrumbs
1915,diameter
1916,Juice from navel orange
1917,corn tostadas
1918,Bells poultry seasoning
1919,light havarti or cheddar
1920,green plantains
1921,Prosciutto
1922,allpurpose
1923,light Havarti
1924,lettuce shells
1925,melted whipped butter
1926,jalapeo pepper
1927,roasted or chickpeas
1928,wild Alaskan salmon filet
1929,juice of lime
1930,extraripe mashed bananas
1931,turkey breast cutlets
1932,smoked turkey drumstick
1933,Bells seasoning
1934,Sazon
1935,cherry or grape tomatoes
1936,heirloom cherry tomatoes
1937,wheel of brie
1938,Sargento Fat Provolone or Mozzarella
1939,yellow onions
1940,unbleached all purpose flour
1941,turkey gravy for serving
1942,smallmedium ripe spaghetti squash
1943,chilled butter
1944,anchovies
1945,seltzerclub soda
1946,mashed potatoes
1947,Almond Breeze Almond Coconut milk
1948,cornstarch
1949,dark chocolate bar
1950,lean beef sirloin
1951,virgin light olive oil
1952,chicken stock or broth
1953,chipotle paste
1954,steamed broccoli
1955,rice
1956,dried shiitake mushrooms
1957,cake flour
1958,orange bell pepper
1959,apple juice sweetened cranberries
1960,cayenne pepper sauce
1961,container Greek yogurt I like Fage
1962,Challah bread
1963,radish
1964,fat free matzo crackers
1965,sirloin steak
1966,QuickPickled Red Onions
1967,julienne with
1968,cinnamon stick
1969,Reynolds Wrap
1970,capers brine
1971,Alaskan cod fillet
1972,spiral ham
1973,graham crackers
1974,orange zest
1975,greek yogurt
1976,sriracha
1977,pecorino romano cheese
1978,garbanzo beans
1979,Red gelpaste food coloring
1980,jar harissa sauce
1981,bunches
1982,light green and white part only
1983,lowsodium chicken stock or water
1984,reducedfat Graham Cracker Crust
1985,baby arugula leaves for garnish
1986,baked tortilla chips
1987,Bells Seasoning
1988,organic fatfree vanilla yogurt
1989,Franks red hot sauce
1990,fatfree lowsodium chicken broth
1991,canola or vegetable oil
1992,turkey breast or chicken breast
1993,popsicle sticks
1994,pecorino romano cheese rind
1995,Salt and cracked black pepper
1996,pickled pepperoncini or banana peppers
1997,corn on the cobs
1998,ow fat blue cheese dressing
1999,yucca
2000,whole wheat French bread or baguette
2001,whole graham cracker sheets
2002,turkey
2003,white wholewheat flour
2004,cinnamon sticks
2005,smashed castelvetrano olives
2006,kidney beans
2007,raw sugar or sweetener of your choice
2008,Hass avocados
2009,parmesan cheese if desired for topping
2010,Matcha powder
2011,corn with husks
2012,vine tomato
2013,panko
2014,whole wheat or whole grain bread
2015,oregano for garnish
2016,sea salt
2017,Canadian bacon or pancetta
2018,chunky or salsa
2019,unbleached flour
2020,tomato sauce or tomatoes
2021,olives wbrine
2022,chicken or vegetable bouillon
2023,sugar free whipped topping
2024,dried cranberries
2025,Pepper Jack or Colby Jack cheese
2026,sweet Italian sausage link
2027,kuri red squash
2028,steamed spinach
2029,chicken tenders
2030,fat free Greek Yogurt
2031,bamboo skewers soaked in water hour
2032,lean prosciutto
2033,chipotle powder
2034,chicken boullion
2035,mint andor cilantro
2036,Halibut
2037,tricolor fettucini pasta
2038,pumpkin puree
2039,gandules
2040,deveined or jumbo shrimp
2041,Olive oil cooking spray
2042,fat free sour cream
2043,dillweed
2044,whole milk
2045,Red pepper flakes
2046,washed and dried
2047,Furikake seasoning
2048,mango pureed
2049,flank or london broil steak
2050,ripe figs
2051,cooking twine
2052,sugar or sugar substitute
2053,portobello mushroom caps
2054,lowcarb taco size flour tortillas
2055,hot dog buns
2056,Harissa Sauce for topping
2057,allspice
2058,container fat free refried pinto beans
2059,Swiss cheese
2060,all purpose or gluten free flour
2061,tomato sauce I like Goya
2062,plain lowfat Greek yogurt
2063,Ghirardelli Chocolate
2064,Organic strawberries and blueberries
2065,American or partskim cheddar cheese
2066,top beef
2067,ripe mangos
2068,sprite zero or club soda
2069,spaghetti or pasta of choice
2070,shavingsBakers
2071,feta
2072,dried herbes de Provence
2073,Everything bagel seasoning
2074,pickled red onions
2075,Romaine or Bibb leaves for serving
2076,pineapple in juice
2077,turkey or chicken broth
2078,up spaghetti
2079,Balsamic vinegar or glaze
2080,quinoa
2081,vinegar
2082,sour orange juice
2083,highfiber pasta
2084,fat sour cream
2085,light agave syrup
2086,long grain brown rice
2087,Italian seasoned breadcrumbs or GF breadcrumbs
2088,honey crisp apple
2089,fat free chicken stock
2090,roma tomato
2091,Oliveoil cooking spray
2092,Parmesan or Romano cheese
2093,light whipped cream of your choice
2094,Almond Breeze almond
2095,green cardamom pods
2096,beef tenderloin filet mignon steaks
2097,adobo seasoning or garlic salt
2098,wild cod
2099,tzatziki or nonfat plain Greek yogurt
2100,raw cauliflower
2101,cane sugar or maple
2102,red wine
2103,confetti cake mix
2104,Dukkah seasoning
2105,mustard seeds
2106,basil leaves
2107,Mexican hot chili powder
2108,lamb loin chops
2109,corn kernels from ears of corn
2110,thousand Island dressing
2111,low sodium soy sauce or glutenfree tamari
2112,vanilla unsweetened almond milk
2113,Bells turkey seasoning
2114,white button mushrooms
2115,liquid
2116,partskim Mexican cheese blend
2117,unsweetened milk of choice
2118,full fat coconut milk
2119,adobo seasoning
2120,green Spanish olives
2121,fat free yogurt
2122,bowl of water for sealing
2123,breadcrumbs or flour
2124,overripe bananas
2125,Everything Bagel seasoning
2126,Yukon Gold potatoes
2127,micro greens or chives
2128,orange juice or lemon juice
2129,lamb loin chops on the bone
2130,brewed green tea
2131,Heavy Duty Foil
2132,Pollyo part skim mozzarella
2133,dried Herbs de Provence
2134,smalldiced yellow bell pepper
2135,sesame oil or vegetable oil
2136,pears
2137,shaken thoroughly before opening
2138,grilled sweet corn
2139,fat free beef broth
2140,almond extract
2141,asparagus spears
2142,cilantro leaves
2143,all purpose
2144,jar pepperoncini
2145,lowfat coconut milk
2146,thinsliced chicken breast
2147,king
2148,pretzel sticks
2149,lemons
2150,coarsely black pepper
2151,Adobo Seasoning
2152,apple juice
2153,Black Pepper
2154,chili pepper
2155,fat free low sodium chicken broth
2156,crusty bread for serving on the side
2157,wild salmon
2158,chicken or turkey stock
2159,gorgonzola
2160,glutenfree soy sauce
2161,lobster
2162,vegetable oil
2163,all natural hickory liquid smoke
2164,light whipped topping
2165,Kosher salt and cracked black pepper
2166,natural
2167,fat free Vanilla Chobani
2168,Delallo Spicy Arrabiatta Pomodoro Fresco
2169,juice from lime
2170,unsalted peanuts
2171,boiling water
2172,heirloom baby carrots
2173,beets
2174,Zaatar spice blend
2175,condiments hot sauce
2176,lime juice
2177,deveined
2178,creamy goat cheese
2179,lowcarb whole wheat flour tortillas
2180,cinnamon on top
2181,reducedfat cream cheese
2182,freezer gallon bags
2183,deveined shrimp
2184,sugar or honey
2185,cauliflower florets
2186,winter squash
2187,fish fillets
2188,greens
2189,mini phyllo pastry shells
2190,gingersnap crumbs
2191,Seasoning salt or adobo seasoning
2192,almond meal
2193,fatfree Chobani Greek yogurt
2194,container sodium chicken broth
2195,spinach
2196,melted butter or margarine
2197,chicken tenderloins
2198,roasted
2199,panchetta
2200,chard
2201,Tuttorosso
2202,Wholesome Organic Cane Sugar
2203,link Italian chicken sausage
2204,blue cheese or gorgonzola
2205,deveined jumbo shrimp
2206,Italian chicken
2207,cornstarch or arrowroot powder
2208,short or grain rice
2209,ancho or Mexican chili powder
2210,mangoavocado salsa
2211,pineapple juice
2212,Oil spray
2213,Delallo pesto
2214,annato
2215,baked sweet potato
2216,whole wheat or gluten free elbows
2217,Kosher salt
2218,Smart Balance cooking spray
2219,raw shrimp
2220,whole wheat light bread
2221,partskim ricotta cheese
2222,micro greens
2223,arugula
2224,Cajun spice seasoning
2225,whole egg
2226,torn basil leaves
2227,fat free refried black beans
2228,Kobacha squash
2229,turnips
2230,canola cooking spray
2231,Juice and zest of lemon
2232,sour cream
2233,plain whole milk Greek yogurt
2234,almond
2235,heirloom carrots
2236,melted semisweet chocolate for drizzling
2237,juice of lemons
2238,Feta
2239,ziti
2240,olive oil cooking spray
2241,sesame seeds as garnish
2242,soy sauce or glutenfree Tamari
2243,halfandhalf
2244,Stonyfield Greek
2245,Bamboo skewers
2246,unsweetened chocolate
2247,dried sage
2248,avocado mango salsa
2249,avocado
2250,agave nectar or honey
2251,lbs
2252,Stonyfield Organic Whole Milk Greek Yogurt
2253,Betty Crocker Golden Vanilla Super Moist Cake Mix
2254,smalldiced red bell pepper
2255,ripe Roma tomatoes
2256,seltzer
2257,Russet potato
2258,TurkeyChicken Andouille sausage
2259,long grain white rice or jasmine
2260,Cognac or brandy
2261,Herbs De Provence or poultry seasoning
2262,San Marzano tomatoes
2263,virgin olive oil
2264,rice vinegar or white wine vinegar
2265,jars
2266,nosalt added cannellini beans
2267,chocolate syrup
2268,part skim ricotta
2269,marshmallow spread
2270,french bread or baguette
2271,Tru Whip
2272,vanilla ice cream
2273,Strawberries
2274,mini marshmallows
2275,unsweetened craisins or golden raisins
2276,dried cayenne pepper
2277,dried sweet cranberries or cherries
2278,granny smith apple
2279,spaghetti of your choice
2280,stems separated
2281,allpurpose unbleached flour
2282,vegetable stock
2283,baby spinach
2284,jarred salsa
2285,Juice of lime
2286,thyme or oregano
2287,prosciutto
2288,Dole banana
2289,lean pork sirloin roast
2290,pork loin roast
2291,dried or thyme leaves
2292,Portobella mushrooms
2293,Nova Lox
2294,lean beef
2295,mini semisweet chocolate chip morsels
2296,anchovy paste
2297,chipotle chili powder
2298,sambal chili paste
2299,extravirgin olive oil
2300,Black pepper
2301,chickpeas beans
2302,sriracha chili sauce
2303,capers and pimentos
2304,watercress leaves or baby greens
2305,parsley leaves
2306,taco seasoning
2307,skewers
2308,dark sesame oil
2309,whipped unsalted butter
2310,lesssodium vegetable broth
2311,no salt black eye peas
2312,sodium taco seasoning or homemade
2313,coarsely parsley
2314,Swiss chard
2315,ginger root
2316,liquid Orgains vanilla protein shake
2317,whole wheat plain panko
2318,Quick Marinara Sauce
2319,red cabbage
2320,DairyFree Heavy Cream
2321,sprinkles
2322,jarred anchovies
2323,stada shells
2324,Thai chiles
2325,mint leaves for garnish
2326,cream of tarter
2327,sweet red apples
2328,fatfree vanilla Greek yogurt
2329,nonstick cooking spray
2330,reducedfat Swiss Cheese or provolone
2331,chicken broth
2332,Baby Bella mushrooms
2333,oil spray
2334,wild rice
2335,unflavored pea protein powder
2336,fried firm tofu
2337,Old bay seasoning
2338,tartar sauce
2339,Lemon wedges for serving
2340,Delicata squash
2341,unsweetened light coconut milk
2342,Italian seasoning
2343,hot scotch bonnet pepper
2344,garlic clove or clove
2345,rice paper
2346,heavy duty foil
2347,tabasco
2348,vegetable sides
2349,Swansons sodium chicken broth
2350,Kalamata olives
2351,green apples
2352,gelatin or vegetarian substitute
2353,virgin Spanish olive oil
2354,roasted red bell peppers
2355,lightly toasted hazelnuts
2356,unsweetened apple sauce
2357,chili powder
2358,Cannelini or Northern Beans
2359,Rice Krispies
2360,Marinara
2361,unsalted cashews
2362,roasted cumin
2363,quickcooking oats
2364,gala apples
2365,Organic olive oil cooking spray
2366,basil for topping
2367,pizza sauce
2368,quick or old fashion oats
2369,Bobs spelt flour
2370,Creme Fraiche
2371,aluminum foil
2372,peach
2373,vegetable or chicken stock
2374,couscous
2375,popcorn kernels
2376,pinto beans
2377,Lilys sugar free dark chocolate baking bar
2378,thick ripe tomato
2379,toasted hazelnuts or pecans
2380,canola
2381,spaghetti squashes
2382,Duncan Hines Dark Chocolate Fudge cake mix
2383,beef stock cube
2384,Clarified Butter
2385,baby arugula or watercress
2386,parmesan cheese rind
2387,whipped topping
2388,salt and black pepper
2389,sauerkraut
2390,unsweetened coconut milk
2391,Heart Smart Bisquick
2392,snapper fillets
2393,chicken andouille sausage
2394,stalk celery
2395,unsweetened coconut milk beverage
2396,smoked lean ham steak
2397,Use gluten free oats such as Bobs Red Mill quick oats make them gluten free
2398,dried rosemary
2399,your favorite marinara sauce
2400,pork tenderloins
2401,ml vegetable oil
2402,cherry
2403,Italian seasoning or dried oregano
2404,Beef
2405,Juice from lemons
2406,fennel seeds
2407,Read labels for glutenfree
2408,skirt steak
2409,Sprite Zero or diet champagne kola
2410,Mexican Seasoning Mix
2411,chicken or vegetable bullion
2412,mini chocolate chips for the eyes
2413,haas avocado
2414,gorgonzola cheese
2415,buttered flavored Pam
2416,beef top sirloin
2417,Special K Cereal
2418,canola or grapeseed oil
2419,smalldiced celery
2420,fat Ritz Crackers
2421,Cilantro
2422,ginger matchsticks
2423,whole grain or glutenfree bread
2424,raw agave
2425,pure maple syrup or honey
2426,hardboiled eggs
2427,tortilla chips
2428,chilled salted butter
2429,juice of lemon
2430,DeLallo golden balsamic vinegar
2431,lots of ice
2432,dark brown brown sugar
2433,Goya Empanada Discos
2434,partskim Mexican cheese
2435,jumbo egg
2436,Shiitake mushrooms
2437,Harissa sauce
2438,plain yogurt
2439,Philly fat cream cheese
2440,basil
2441,olive or canola oil
2442,rhubarb
2443,beef stock
2444,oatmeal
2445,dates
2446,grapeseed or canola oil
2447,Balsamic Glaze or Simple Balsamic dressing
2448,hulled
2449,light Mayonnaise
2450,rum
2451,vermicelli rice noodles
2452,extralarge or avocado
2453,red yellow
2454,casing
2455,short grain brown rice or sushi white rice
2456,cooking oil
2457,fennel bulb
2458,Laughing Cow cheese
2459,apple cider vinegar
2460,baby gold or red potatoes
2461,whole wheat flour tortillas
2462,lollipop sticks
2463,dried pasilla chile
2464,white or brown sugar
2465,beef bullion
2466,Barramundi Asian sea bass fillets or other white fish fillets
2467,fish sauce
2468,green onion
2469,Kosher salt and Black Pepper
2470,Your favorite toppings
2471,whole unsalted shelled pistachios
2472,no salt added tomatoes
2473,all purpose or white whole wheat flour
2474,firm DAnjou pears
2475,lean corned beef brisket
2476,grape tomatoes
2477,lean roast beef
2478,hass avocado
2479,snack mandarin oranges
2480,fat free vanilla Greek yogurt
2481,sushigrade salmon
2482,fatfree Greek yogurt
2483,Hard Boiled Egg
2484,pearl onions
2485,chipotle peppers in adobo
2486,whole wheat or glutenfree panko
2487,tilapia fillets
2488,on
2489,vodka sauce
2490,butter or oil
2491,full chocolate graham crackers
2492,packet Badia sazon
2493,rotisserie chicken breast
2494,chilled Prosecco or Champagne
2495,culantro
2496,thawed spinach
2497,sweetener of choice
2498,quick or rolled oats
2499,mayo andor yellow mustard
2500,imported prosciutto
2501,lacinato kale
2502,low sodium black beans
2503,homemade marshmallows
2504,g cherry tomatoes
2505,Tajin
2506,marshmallows
2507,chick peas
2508,cubanelle peppers
2509,DeLallo Cavatappi pasta
2510,defrosted
2511,allpurpose or glutenfree flour
2512,ditalini pasta
2513,whole jarred cherry peppers I like Trader Joes
2514,sea salt or kosher
2515,oats
2516,Quaker quick oats
2517,cumin seeds
2518,Russet or other starchy potatoes
2519,cubanelle
2520,wild salmon fillets
2521,reducedfat Mexican cheese blend
2522,Garam Masala
2523,dill pickle juice OR olive brine
2524,shallots or onion
2525,chipotle chilis in adobo sauce
2526,hard boiled egg whites
2527,tilapia
2528,fat free Greek yogurt
2529,jar roasted peppers in water
2530,ultragrain flour
2531,country style pork ribs
2532,low sodium or glutenfree soy sauce
2533,iceberg or romaine lettuce
2534,Pepperidge Farm Puff Pastry
2535,dozen littleneck clams
2536,cobs of corn
2537,ripe peach or nectarine
2538,cumin
2539,champagne vinegar
2540,cubanelle pepper
2541,All purpose glutenfree flour works here
2542,melted butter
2543,rice wine
2544,warmed fatfree milk for drizzling
2545,coconut sugar
2546,Delallo whole wheat pasta such as ziti or cavatappi
2547,juice of one lemon
2548,jalapeo peppers
2549,cooking string
2550,smoked ham hocks
2551,garlic powder
2552,chile powder
2553,warmed almond milk
2554,herbs such as oregano
2555,sweet red bell peppers
2556,chipotle en adobo sauce
2557,unflavored powdered gelatin
2558,lean chicken drumsticks
2559,baby red butter lettuce
2560,Smart Balance Light butter
2561,raw slivered almonds
2562,asparagus
2563,hot sauce or salsa
2564,homemade salsa verde
2565,raspberries
2566,chicken thighs
2567,roasted spaghetti squash
2568,Polaner All Fruit apricot
2569,strawberry preserves
2570,herbs such as parsley
2571,celery and leaves
2572,Thai sweet chili sauce
2573,Cannellini beans
2574,Aji Picante
2575,white chocolate
2576,hass avocados
2577,cornflakes crumbs
2578,low sodium beef broth
2579,whole wheat toast
2580,farro
2581,rosemary
2582,unsweetened dutchprocess cocoa
2583,grape tomatoes in
2584,BBQ sauce with calories or per serving
2585,mint extract
2586,pure Maple syrup
2587,escarole
2588,links chorizo sausage
2589,sweet Italian chicken sausage
2590,your favorite BBQ sauce
2591,Skinny Garlic Mashed Potatoes
2592,deviened weight after
2593,Stonyfield nonfat Greek yogurt
2594,bestquality extravirgin olive oil
2595,Italian parsley or spearmint
2596,Sea salt and black pepper
2597,lime chili seasoning salt
2598,romaine lettuce
2599,chipotle chiles in adobo sauce
2600,top sirloin
2601,capers
2602,mint or parsley
2603,Juice of navel orange
2604,squares SemiSweet Baking Chocolate Squares
2605,whole wheat elbow pasta
2606,seasoned whole wheat bread crumbs
2607,sazon
2608,penne or rotini pasta
2609,Rotel Tomatoes
2610,pork tenderloin
2611,artichoke hearts
2612,Walkerswood Jerk Seasoning
2613,sun dried tomatoes
2614,hoisin sauce
2615,jarred mandarin oranges
2616,such as Fluke
2617,greek yogurt or sour cream
2618,herbs like cilantro or parsley
2619,plain Greek yogurt
2620,Veggies
2621,Contreau
2622,tumeric
2623,cilantro or scallions
2624,monterey jack
2625,rustic loaf
2626,romaine
2627,long grain rice wild rice combo
2628,low sodium chicken broth
2629,garlic and herb cheese
2630,walnut or pecan halves
2631,Italian salad dressing mix or see below for homemade
2632,Peruvian Green Sauce
2633,red paste food coloring
2634,honey or maple syrup
2635,beef brisket
2636,Cholula hot sauce
2637,Cremini mushrooms
2638,chocolate covered raisins
2639,Kosher Salt
2640,butter or ghee
2641,Haas avocados
2642,chicken or turkey meat
2643,shortgrain brown rice
2644,kalamata olives
2645,Haricots verts or green beans
2646,paprika or smoked paprika
2647,seasoned plain or glutenfree bread crumbs
2648,Steamed rice
2649,jarred
2650,Wilton blue chocolate candy melts
2651,partskim Mexican blend cheese
2652,Jumbo shrimp
2653,lean chicken thigh filets
2654,iceberg lettuce leaves
2655,fat Philly Cream Cheese
2656,granulated sugar
2657,unsweetened coconut
2658,whole wheat
2659,Appleton Farms Bacon
2660,dill pickles pickle juice
2661,sweet red chili sauce
2662,ripe plum tomatoes
2663,club soda
2664,toasted unsweetened coconut flakes
2665,grilled and pineapple
2666,mustard or ketchup
2667,molasses
2668,ancho chili powder
2669,cream cheese
2670,fat free Real California milk
2671,wheat or glutenfree spaghetti
2672,Bells Turkey Seasoning
2673,chives or scallions
2674,partskim cottage cheese
2675,Kansas City Style BBQ Sauce
2676,broccoli slaw
2677,hot jarred cherry peppers
2678,green food coloring
2679,bow tie pasta
2680,breadcrumbs
2681,pork shoulder blade roast
2682,chunky almond butter
2683,san marzano tomatoes
2684,coarse salt
2685,grapes
2686,agave or white sugar
2687,orzo pasta
2688,green lentils
2689,reducedsodium shoyu or soy sauce
2690,DeLallo Marinara
2691,brown rice or veggie rice
2692,slivered almond
2693,sodium soy or glutenfree tamari
2694,poppy seeds
2695,wasabi
2696,chicken bullion
2697,unsweetened cocoa powder
2698,panko crumbs
2699,sweet potato
2700,gruyere cheese
2701,Almond Breeze Unsweetened Vanilla Almond Milk
2702,whole wheat or glutenfree seasoned breadcrumbs
2703,broccoli
2704,dried parsley flakes
2705,red chili pepper flakes
2706,almond flour or almond meal
2707,HOT coffee
2708,packets nunaturals stevia or sugar
2709,raw sugar
2710,coarse sea salt
2711,Duncan Hines French Vanilla cake mix
2712,low carb whole wheat flour tortillas La Tortilla Factory
2713,whole wheat French bread
2714,white box cake mix
2715,Bettern Peanut Butter
2716,Persian cucumber
2717,berries like raspberries and blackberries
2718,steak
2719,beef
2720,light sour cream or Greek yogurt
2721,olive or avocado oil
2722,lowsodium beef broth
2723,escarole leaves
2724,readytoeat shelled edamame
2725,grilled or broiled french bread
2726,quick cooking rolled oats
2727,Weight Watchers whole grain bread
2728,pure almond extract
2729,fat cheddar jack cheese
2730,mini chocolate chips
2731,green enchilada sauce
2732,plain unsweetened nondairy milk
2733,RoTel Tomatoes Green Chiles
2734,chunky salsa
2735,lean lamb
2736,whole wheat buns
2737,course Parmigiano Reggiano
2738,vine ripe tomato
2739,melted light butter
2740,pumpkin pie spice for topping
2741,avocado and lime wedges
2742,cherries
2743,red bell pepper matchsticks
2744,green chilies
2745,high protein pasta
2746,Sargento fat provolone
2747,homemade taco seasoning
2748,butter lettuce leaves
2749,Ingredients
2750,mango
2751,stem intact
2752,baby spinach leaves
2753,chicken brothor water with chicken bouillon
2754,plain or glutenfree panko crumbs
2755,sesame seeds and scallion for garnish
2756,wedge cauliflower
2757,toasted Italian bread
2758,Additional toppings avocado
2759,dried Mexican oregano
2760,noyolk noodles
2761,Blue Cheese Dressing
2762,agave syrup
2763,oil of your choice
2764,sushi grade tuna
2765,Coconut jasmine rice
2766,jarred jalapeno peppers
2767,ColbyJack cheese blend
2768,fat mexican blend cheese
2769,Nu Naturals Stevia or raw sugar
2770,basil or parsley
2771,chicken breasts cutlets
2772,Stonyfield Whole Milk Yogurt with Probiotics
2773,water as needed
2774,zucchini thick
2775,unseasoned breadcrumbs
2776,chicken legs with thighs attached
2777,mashed ripe banana
2778,unsalted vegetable stock
2779,vegetable or chicken broth
2780,toppings cheese
2781,Bakers semisweet dipping chocolate
2782,whole wheat crusty bread
2783,fat free strawberry yogurt
2784,butterscotch chips
2785,jicama
2786,low fat cheddar
2787,highheat oil
2788,black or pinto beans
2789,lowsugar strawberry preserves
2790,chicken Italian sausage
2791,Italian chicken sausage link
2792,egg whites or egg whites
2793,pistachios
2794,mushrooms
2795,crusty toasted bread
2796,Marinara sauce
2797,rustic loaf or French baguette
2798,quick cooking grits
2799,Vidalia Onions
2800,unprocessed raw honey
2801,hotsmoked salmon
2802,dairyfree milk
2803,olive oil spray
2804,extrafirm tofu
2805,Dijon Mustard
2806,littleneck or cherrystone clams
2807,good quality Italian olives
2808,pastry bag Decorating tip
2809,All the pan drippings from roasted turkey
2810,my homemade guacamole
2811,apple sauce
2812,black olives
2813,chili lime seasoning
2814,coconut aminos
2815,choice Top beef stew
2816,fat Stonyfield plain yogurt
2817,reducedfat feta cheese
2818,roasted Macadamia nuts
2819,sweet onion
2820,dried lima beans
2821,chipotle chilis in adobo sauce or pureed chipotle in adobo
2822,Madras curry
2823,Delallo fusilli
2824,cored
2825,butternut squash puree
2826,beefsteak tomatoes
2827,ParmigianoReggiano rind
2828,coarse salt and cracked pepper
2829,mustard powder
2830,fat cream cheese
2831,cold brown rice
2832,chicken bouillion
2833,Truwhip
2834,pork loin chops
2835,Campbells tomato soup
2836,blue cheese
2837,sodium chicken broth
2838,egg whites from eggs
2839,baby greens
2840,dark chocolate
2841,Champagne vinegar
2842,alfalfa sprouts
2843,lentils
2844,pie crust
2845,lean pork
2846,tomatoes with basil
2847,Tzatziki
2848,fat Ritz crackers
2849,Parmesan or vegan parmesan
2850,fatfree plain Greek yogurt
2851,low fat vanilla wafers
2852,g cotija cheese
2853,g flank steak
2854,parmesan cheese for topping
2855,whole egg egg whites
2856,mms minis
2857,salt pepper
2858,harissa
2859,unsweetened almondcoconut milk beverage
2860,jalapeno
2861,fine salt
2862,garlic cloves or cloves
2863,spicy chicken Italian sausage
2864,almond flour
2865,salsa
2866,tomatoes with green chilies
2867,dried herbs
2868,fat Stonyfield Greek plain yogurt
2869,Italian parsley leaves
2870,baby arugula or frise lettuce
2871,Aldis steelhead trout fillet
2872,sheets phyllo dough
2873,soba noodles
2874,chuck eye roast
2875,cream
2876,lean pork loin
2877,sea scallops
2878,tomato juice
2879,papaya pure
2880,Athenos Traditional Feta Cheese
2881,Madras curry powder
2882,plain breadcrumbs
2883,brine
2884,Portobello mushrooms
2885,Sweet chili sauce
2886,beef chuck
2887,lemon wedges for serving
2888,butter or olive oil
2889,beef eye of or bottom roast
2890,corn on the cobb
2891,juice of limes
2892,carton sodium chicken broth
2893,short ribs
2894,baby spinach and arugula
2895,peaches
2896,confetti sprinkles
2897,lettuce leaves from Iceberg lettuce
2898,soy sauce or glutenfree soy sauce
2899,Toppings cheddar
2900,ham bone ham
2901,lobster meat
2902,oregano and thyme
2903,green chile
2904,Boston lettuce leaves
2905,edamame
2906,butter flavored spray
2907,Sriracha sauce
2908,coconut water
2909,reducedsodium chicken broth
2910,wholewheat flour
2911,roasted peppers in water or homemade
2912,lowsodium vegetable broth
2913,wholewheat Delallo fusilli
2914,red wine vinegar
2915,scallions and sesame seeds
2916,fat cheddar cheese
2917,smoked ham hock
2918,noboil lasagna noodles
2919,sweetened vanilla almond milk
2920,broccoli florets only
2921,whole wheat or glutenfree spaghetti
2922,dried spices of your choice
2923,queso Cotija
2924,Gruyere cheese
2925,Parmesan Regianno
2926,ripe banana
2927,fat Mexican cheese blend
2928,Spray oil
2929,honey or agave
2930,hot sauce or red pepper flakes
2931,dark semisweet chocolate
2932,raw ahi or yellowfin tuna steaks I used Trader Joes ahi tuna steaks
2933,kale
2934,salt and cracked pepper
2935,authentic feta
2936,glazed pecans
2937,Romaine lettuce
2938,dried Ancho Chilies
2939,aji sesame oil
2940,Avocado Cilantro Ranch Dressing
2941,lakanto monk fruit sweetener
2942,hoisin
2943,cherrystone clams
2944,Juice from lime
2945,coconut flakes
2946,chipotle chile in adobo sauce
2947,cheddar or American cheese
2948,citrus infused vodka
2949,Monterrey Jack
2950,mini cupcake liners
2951,avocados
2952,plain or glutenfree Panko crumbs
2953,sage
2954,tortillas
2955,orange juice
2956,Chinese rice wine
2957,dried garlic flakes
2958,sugar jelly
2959,course salt such as kosher
2960,Medjool dates
2961,ripe heirloom tomatoes
2962,colored sprinkles
2963,dark vanilla extract
2964,light sour cream
2965,low sodium soy sauce or use gf soy sauce
2966,red chili flake
2967,Sriracha chili sauce
2968,provolone or mozzarella cheese
2969,olive oil mayonnaise
2970,chipotle pepper in adobo
2971,challah bread
2972,sugar free dark chocolate chips
2973,Spanish green olives
2974,enriched long grain white rice
2975,Old Bay Seasoning
2976,long grain white rice
2977,cucumber
2978,crisp white wine
2979,coconut or olive oil spray
2980,flour or cornstarch for glutenfree
2981,roma tomatoes
2982,fat Stonyfield Organic plain yogurt
2983,heaping cornstarch
2984,thawed or turkey
2985,broccoli floret
2986,dried black beans
2987,low sodium fat free chicken broth
2988,POM Wonderful pomegranate juice
2989,panko or glutenfree breadcrumbs
2990,mayonnaise
2991,ColbyMonterey Jack cheese
2992,unsweetened vanilla almond milk
2993,FF cream cheese
2994,kosher salt pepper
2995,white or yellow onion
2996,juice from red or pink grapefruit
2997,porgy fillets
2998,rough cilantro
2999,heirloom grape or cherry tomatoes
3000,cavatappi or bow ties
3001,brown rice
3002,Kosher salt and black pepper
3003,NonStick Foil
3004,link chorizo sausage
3005,roasted salsa verde
3006,Hersheys chocolate syrup
3007,Sour cream or plain yogurt
3008,warmed marinara sauce
3009,pureed strawberries
3010,sweet potato puree
3011,winter greens
3012,Delallo Ricotta Spinach tortellini
3013,Nutella
3014,melted unsalted butter
3015,stick butter
3016,powdered sugar
3017,chives salt
3018,ears corn
3019,chives or basil
3020,Coconut or avocado oil
3021,Sargento Provolone
3022,cremini mushrooms
3023,reducedsodium black beans
3024,baby greens such as arugula and spinach
3025,radishes
3026,garlic power
3027,g green onion
3028,hot peppers such as serrano or jalapeos
3029,Delallo Tomato Basil Pomodoro Sauce
3030,Salt and pepper
3031,peppermint extract
3032,pork chops
3033,paprika or merkn
3034,unsweetened lowfat buttermilk
3035,light mayonnaise
3036,partskim mozzarella cheese
3037,raw chicken Italian sausage links
3038,long wooden skewers
3039,fat feta
3040,kosher salt and black pepper
3041,cilantro leaves and stems
3042,light agave nectar
3043,nondairy milk of your choice
3044,my homemade enchilada sauce
3045,left over turkey breast
3046,yukon gold potatoes
3047,Hellmans Light mayonnaise
3048,green peas
3049,stew beef
3050,fatfree sodium chicken broth
3051,sodium or glutenfree soy sauce
3052,clear vanilla extract
3053,quick gluten free oats
3054,brown sugar
3055,packet sazon or annatto
3056,Light Cheddar
3057,fat free vegetable broth
3058,top or eye of roast
3059,white fish fillets
3060,Italian seasoned whole wheat breadcrumbs
3061,milk
3062,onions
3063,celery rib
3064,green chilis
3065,Egglands Best eggs
3066,crespelles
3067,sake
3068,white wine
3069,Better Than Bouillon or cube
3070,mined garlic
3071,baby bok choy or bok choy
3072,carrot
3073,soy sauce or Glutenfree Tamari
3074,Reynolds wrap heavy duty foil
3075,zest of lemon wedges for serving
3076,tahini
3077,coarse red Hawaiian sea salt
3078,pecorino romano
3079,fennel
3080,romaine hearts
3081,chicken breast
3082,dried chives
3083,turkey or poultry seasoning
3084,spinach or kale
3085,ruby red grapefruits
3086,Stonyfield Organic whole milk plain yogurt
3087,dried cherries
3088,slow cooker pernil
3089,egg whites
3090,reducedfat Sargento Monterey Jack cheese
3091,Wine
3092,pie crust sheet
3093,lean deli ham
3094,cold fat free milk
3095,turmeric
3096,English cucumber
3097,zucchinis
3098,reducedfat sour cream or Greek yogurt
3099,mangoes
3100,light mayo
3101,dark cocoa powder
3102,riced cauliflower and broccoli
3103,fine
3104,hummus
3105,yellow or red pepper
3106,unsweetened pineapple juice
3107,unsalted butter or olive oil
3108,baggies and ties
3109,homemade turkey stock
3110,apple cider
3111,sour cream water
3112,topping toasted coconut flakes
3113,lime
3114,Pepper Jack light cheese
3115,McCormick Montreal Chicken Seasoning
3116,Italian dressing
3117,reducedfat Mexicanblend cheese
3118,baking spray
3119,raw lobster meat
3120,blue cheese fat
3121,kosher
3122,Cotija cheese
3123,excess fat
3124,natural coconut extract
3125,x lavash flatbread
3126,Old Bay seasoning
3127,cold salted whipped butter
3128,Greek yogurt
3129,red enchilada sauce I used
3130,Chili Lime Seasoning or Trader Joes Everything But the Elote seasoning
3131,chili sesame oil
3132,Yukon Gold potato
3133,check labels for glutenfree
3134,Swiss Cheese
3135,Feta cheese
3136,whipped cream or dairy free cream
3137,quickcooking rolled oats
3138,teriyaki sauce
3139,Cooking spray or oil mister
3140,seasoned salt
3141,Italian seasoned bread crumbs
3142,dried marjoram or thyme
3143,sweet paprika
3144,mini cucumbers
3145,tamarind paste or concentrate
3146,sodium chicken or vegetable broth
3147,g
3148,gala apple
3149,good quality unsweetened cocoa powder
3150,Tru Whip Skinny
3151,marinated artichokes
3152,hot Italian turkey sausage links
3153,ripe Hass avocados
3154,hot sauce for serving
3155,bread crumbs
3156,Wild Nova salmon
3157,queso blanco
3158,dried parsley
3159,tomato
3160,lowsodium Cajun seasoning blend
3161,fatfree spicy black bean dip
3162,highfiber flour tortillas
3163,fat Feta
3164,bell pepper thick rings
3165,unbleached all purpose or whole wheat flour
3166,TurkeyChicken Andouille sausage or kielbasa
3167,cottage cheese
3168,ripe plum or beefsteak tomatoes
3169,turkey bacon
3170,red bell pepper
3171,mini chocolate chips for eyes
3172,raw bacon
3173,chilled sweet whipped butter
3174,seasoned breadcrumbs or glutenfree crumbs
3175,black beans
3176,Greek yogurt or sour cream
3177,Skinny Basil Pesto
3178,low fat granola
3179,metal skewers
3180,pink grapefruit juice
3181,light cream cheese
3182,celery seeds
3183,raw salmon fillet
3184,red ripe tomato
3185,lobster tail meat
3186,lemon
3187,packet sodium taco seasoning or homemade
3188,skinny pumpkin butter
3189,Steak
3190,ml almond milk
3191,flatleaf parsley
3192,picadillo
3193,Juice of Lime
3194,Reynolds Wrap NonStick Foil
3195,hot Italian chicken sausage
3196,pure vanilla extract
3197,cannellini beans or navy beans
3198,halves pecans
3199,rotel tomatoes with green chilies
3200,shallots
3201,Red Boat fish sauce
3202,Italian seasoned breadcrumbs
3203,coarsely spearmint leaves
3204,unsweetened
3205,Low Fat Ranch Dressing
3206,links raw sweet Italian chicken sausage
3207,raw
3208,all purpose flour
3209,tomatoes wchilies
3210,light Havarti cheese
3211,wheat ciabatta bread
3212,worcestershire sauce
3213,fatfree refried beans
3214,Lacinato Kale
3215,yellow mustard
3216,fat free chicken broth
3217,container
3218,pint cherry tomatoes
3219,russet potatoes
3220,Stonyfield plain Greek yogurt
3221,black olive
3222,red food coloring
3223,walnits
3224,pastrami
3225,cherry tomatoes
3226,yellow onion
3227,potato
3228,dill pickle
3229,w
3230,vegetable broth or stock
3231,pizza dough
3232,gelatin
3233,butter
3234,sugar
3235,cauliflower
3236,wild salmon filets
3237,beef Bouillon
3238,semi sweet chocolate chips
3239,egg noodles
3240,whole wheat low calorie buns
3241,purple cabbage
3242,juice of grapefruit
3243,sweet or spicy Italian chicken sausage links
3244,lettuce leaves
3245,cardamom
3246,Reynolds Wrap HeavyDuty Aluminum Foil
3247,pie crust dough
3248,coconut oil
3249,Furikake
3250,cold buttermilk
3251,lowsodium fatfree chicken broth
3252,watermelon wedges
3253,Delallo Pomodoro
3254,bulb fennel
3255,Pepper
3256,seasoned panko
3257,homemade pesto
3258,Arborio rice
3259,tomato and jalapeo
3260,yogurt
3261,dill pickle spear
3262,apricot preserves
3263,chipotle peppers in adobo sauce
3264,sweetened coconut flakes
3265,empanada discs
3266,ripe red pear
3267,Nova lox
3268,partskim
3269,pure maple syrup
3270,ripe champagne mango
3271,queso fresco
3272,egg and egg white
3273,pepperjack cheese
3274,plain fatfree Greek yogurt
3275,pecorino romano or locetelli
3276,dried peas
3277,basil for garnish
3278,pumpkin spice
3279,chipotle in adobo sauce
3280,Bibb or endive lettuce
3281,basil chiffonade
3282,Panko crumbs
3283,cold whipped butter
3284,poblano peppers
3285,pizza sauce or marinara
3286,chia seeds or flax seeds
3287,fat free blueberry yogurt
3288,brown lentils
3289,monk fruit sweetener Lakanto
3290,fat milk
3291,Asian fish sauce
3292,whole grain or multigrain waffles
3293,Philadelphia fat cream cheese
3294,baby potatoes
3295,Organic Chicken Breasts
3296,good quality tuna in olive oil
3297,Baby Bella crimini mushrooms
3298,seasoned breadcrumbs
3299,hot
3300,jarred marinara
3301,fat cheddar omit for Whole
3302,Wilton colored candy melts
3303,fat Mexican Cheese
3304,green onions
3305,jumbo shrimp
3306,navel oranges
3307,ml honey
3308,unsweetened coconut flakes
3309,skinny eggnog
3310,lime wedges
3311,flour or glutenfree flour
3312,whole wheat bread
3313,matzo meal
3314,classic vegetables
3315,turkey breast lean
3316,sodium soy sauce
3317,Baby Greens
3318,truwhip
3319,aspargus
3320,banana
3321,spinach cheese tortellini
3322,chives
3323,raw lean turkey
3324,agave nectar
3325,artichoke hearts in water
3326,Sea salt
3327,ripe hass avocado
3328,grape or cherry tomatoes
3329,yukon gold potato
3330,water or broth
3331,onion
3332,chocolate graham cracker crumbs
3333,Ovaltine Rich Chocolate
3334,shelled edamame
3335,black string licorice
3336,white or cider vinegar
3337,fat cheddar or American cheese
3338,partskim cheddar
3339,cilantro or parsley
3340,bamboo or metal skewers
3341,such as
3342,easy crock pot chicken salsa verde
3343,parsley or chives
3344,dijon mustard
3345,Step
3346,yellow corn meal
3347,vanilla extract
3348,cold water
3349,turkey or chicken
3350,Silk Nog
3351,red wine vinegar or vinegar brine from pepperoncini
3352,peanut butter
3353,green or poblano pepper
3354,toasted sesame oil
3355,jalalpeno
3356,Pumpkin Spice Mix
3357,pasta such as ditalini or orzo
3358,Pomegranate Vinaigrette
3359,seasoned wheat or glutenfree breadcrumbs
3360,Cajun seasoning
3361,egg egg white
3362,wild rice or brown rice
3363,flounder or tilapia or sole
3364,lemon juice
3365,gochujang
3366,full fat Greek yogurt
3367,golden balsamic vinegar
3368,chermoula
3369,feta cheese crumbles
3370,lite mayonnaise
3371,Roma tomato
3372,coconut milk
3373,whole raw cashews
3374,alcaparrado or spanish olives
3375,Hass avocado
3376,celery stalks
3377,tortilla chips or plantain chips
3378,arborio rice
3379,dill andor parsley
3380,chocolate chips
3381,spring onions or shallots
3382,extralarge shrimp
3383,coarse yellow cornmeal
3384,garlic salt
3385,stem attached
3386,herbs Italian parsley
3387,salsa or hot sauce
3388,beef top roast
3389,cauliflower crumbles
3390,chunk peanut butter
3391,buttermilk
3392,steel oats
3393,flour tortillas
3394,red watermelon
3395,quick oats
3396,zesty avocado cilantro buttermilk dressing
3397,chipotle chili in adobo sauce
3398,jar salsa
3399,toppings sprinkles
3400,brown eggs
3401,teeny tiny potatoes
3402,iceberg lettuce
3403,mango mango
3404,spaghetti squash
3405,whole peppercorns
3406,baby red potatoes
3407,lowsodium soy sauce
3408,vegetable or grapeseed oil
3409,white corn tortillas
3410,DeLallo
3411,Sparkling water or grapefruit Lacroix top
3412,Delallo fusilli pasta
3413,Baby Arugula
3414,toppings bacon
3415,whole wheat pasta
3416,crema or sour cream
3417,fat Swiss cheese
3418,DeLallo virgin olive oil
3419,torn radicchio
3420,cilantro lime rice
3421,Salad Savors
3422,groundthyme
3423,dried basil
3424,tomato or tomatoes
3425,pink food coloring
3426,Granny Smith apples
3427,Haas avocado
3428,Boursin
3429,horseradish
3430,plain panko breadcrumbs
3431,baby bella mushrooms
3432,Real California cheddar
3433,Lime wedges
3434,pork shoulder
3435,sun dried tomato bruschetta
3436,pie dough
3437,red curry paste
3438,oat flour
3439,Ras el Hanout
3440,hot red pepper flakes
3441,monk fruit sweetener or sugar
3442,white rice for serving
3443,mini rainbow peppers
3444,jerk seasoning
3445,almond meal or flour
3446,mms for the eyes
3447,yellow or orange bell pepper
3448,vegetable or canola oil
3449,chocolate
3450,dried fennel
3451,chicken breast cutlets
3452,flax seeds
3453,toasted walnuts or pecans
3454,coffee or instant coffee
3455,parsnips
3456,Swiss chard or any of your favorite greens
3457,Italian turkey or chicken sausage
3458,sweetener
3459,plain fat free Greek yogurt
3460,Mexican cheese blend
3461,whole roasted
3462,old fashioned oats
3463,romaine or butter lettuce
3464,cumin powder
3465,parsley or basil
3466,ripe mashed bananas
3467,ice cream
3468,cilantro for garnish
3469,partskim mozzarella
3470,ghee
3471,cilantro for topping
3472,tube crescent dough sheet
3473,Parmesan or Pecorino
3474,air fryer french fries or chips
3475,Sargento fat cheddar
3476,Cannellini or Northern beans
3477,egg white or whole egg
3478,egg fettuccini
3479,unsalted butter
3480,zest and juice of lemon
3481,beer
3482,light brown sugar or coconut palm sugar
3483,pumpkin seeds
3484,whole star anise
3485,jalapeo
3486,corn starch
3487,Homemade
3488,Parmigiano Reggiano
3489,canola or coconut oil
3490,coconut extract
3491,unbleached allpurpose flour
3492,clam juice
3493,enchilada sauce
3494,raw shelled hemp seeds
3495,olive oil or butter flavor cooking spray
3496,blackeyed peas
3497,ham bone
3498,berries
3499,coarse salt and pepper
3500,wild albacore tuna
3501,Plain Whole Milk Stonyfield Organic yogurt
3502,red and orange color bell peppers
3503,flowers and tough ends
3504,Stonyfield Organic plain yogurt
3505,drumsticks
3506,partskim mozzarella provolone mix
3507,turbinado sugar
3508,tarragon
3509,chicken breasts
3510,basilpesto
3511,scrubbed and debearded
3512,fat mozzarella
3513,mashed avocado
3514,beef broth
3515,romaine lettuce leaves
3516,lamb leg
3517,roasted red peppers in water
3518,heads romaine lettuce
3519,thyme
3520,date
3521,whole wheat breadcrumbs
3522,neutral tasting oil such as canola
3523,Hersheys Special Dark unsweetened cocoa powder
3524,mirin sake
3525,canola oil
3526,lean bacon
3527,whole chicken
3528,queso fresco or cotija cheese
3529,low sodium soy sauce or GF tamari
3530,herbs such as mint
3531,Cajun Seasoning such as
3532,part skim Italian Blend Cheese I used Sargento
3533,whole wheat panko
3534,Use brown rice pasta
3535,Capicola
3536,lemon zest for garnish
3537,Iceburg lettuce leaves
3538,Almond Breeze almond coconut milk
3539,scallions andor cilantro
3540,fatfree sour cream or Greek yogurt
3541,unbleached or white whole wheat flour
3542,Sourdough Bread
3543,mayo
3544,chocolate shavings
3545,organic nonfat vanilla yogurt
3546,salmon
3547,Cara Cara orange
3548,roasted peppers
3549,sazon seasoning
3550,yellow beets
3551,dark chocolate and mint morsels
3552,white rice
3553,Franks Red Hot Original
3554,light multigrain or glutenfree English muffins
3555,popsicles sticks
3556,warmed shelled edamame
3557,hulled hemp seeds
3558,Lemon Juice
3559,cabbage
3560,Mini Phyllo Shells
3561,Romano cheese
3562,unbaked pie crust
3563,hominy
3564,green lentil
3565,wonton dough
3566,yellow red tomatoes
3567,parsley and lemon wedges
3568,Dijon
3569,white beans
3570,ketchup and mustard
3571,red apple
3572,Pomodoro Fresco sauce
3573,greens or romaine
3574,dill
3575,dried red lentils
3576,Pineapple Coconut Cream Cheese Frosting
3577,melted milk chocolate
3578,local honey
3579,Swish Chard
3580,cabbage and carrot slaw mix
3581,American or cheddar
3582,pastureraised egg
3583,semisweet chocolate chips
3584,course sea salt or kosher salt
3585,Goya empanada discs
3586,ripe peaches
3587,egg
3588,whole wheat bread crumbs
3589,serve with tahini
3590,pomodoro sauce
3591,Crisp lettuce leaves
3592,fat mayonnaise
3593,Campari tomatoes
3594,peanuts
3595,seasoned panko breadcrumbs
3596,seasoned panko crumbs
3597,egg beaten
3598,ciabatta bread
3599,sweet corn cream style
3600,Parmesan cheese
3601,Olive Oil Cooking Spray
3602,mayonaisse
3603,blackberries and raspberries
3604,zest of lime
3605,turkey wings
3606,dairy free parmesan
3607,granola I use Cascadian Farms
3608,cauliflower or broccoli
3609,lightly parsley leaves
3610,Gochujang Sauce
3611,BBQ sauce
3612,sweet Italian chicken or turkey sausage
3613,pita
3614,canola oil divided
3615,powdered sugar for dusting
3616,cream of tartar
3617,russet
3618,peppercorns
3619,homemade
3620,clove
3621,DeLallo whole wheat elbows
3622,nonfat vanilla yogurt
3623,agave
3624,pickled jalapenos
3625,fat sour cream for garnish
3626,alcapparado
3627,green bell pepper
3628,white cheddar cheese
3629,dried oregano and dried basil
3630,beef tenderloin
3631,batch
3632,wild salmon filet with
3633,bell peppers
3634,NuNaturals liquid stevia
3635,sirloin steaks
3636,Parmesan
3637,juliennecut sundried tomatoes
3638,splash of seltzer
3639,organic turmeric root
3640,Sazon seasoning
3641,egg white
3642,Delallo garlic and herb veggie marinade
3643,plain unsweetened almond milk
3644,collards
3645,Turkey Better n Boullion
3646,allpurpose flour or glutenfree flour
3647,herbs de provence
3648,lime chili seasoning
3649,brown jasmine rice
3650,black sesame seeds
3651,low sodium chicken or turkey broth
3652,Roma tomatoes
3653,whole wheat Italian or French bread
3654,soy sauce or glutenfree tamari
3655,wooden skewers
3656,warm soft corn tortillas
3657,light blue cheese or ranch dressing
3658,simple syrup
3659,apple cider or juice
3660,hot green chili pepper
3661,fat free whipped topping
3662,hot chili pepper
3663,pasta for gluten free
3664,wholewheat spaghetti
3665,jumbo and shrimp
3666,brown
3667,chickpea flour
3668,fennel seed
3669,elbow pasta
3670,jarred pickled jalapeno
3671,fat free milk
3672,spray oil
3673,juice from one lemon
3674,seasoning salt such as Lawrys
3675,almonds
3676,dried prunes
3677,Italian herbs
3678,organic plain fat free Stonyfield yogurt
3679,dill or parsley
3680,Creole seasoning
3681,fat free plain Chobani yogurt
3682,red pepper
3683,homemade pumpkin pure
3684,three cheese tortellini
3685,blueberries
3686,lowfat buttermilk
3687,smoked salmon or nova lox
3688,cheddar jack cheese
3689,pepitas
3690,quick rolled oats
3691,jalapeo peppers and cilantro
3692,poblano chilli
3693,proscuitto
3694,pigeon peas
3695,turkey breast with
3696,cheddar or Mexican cheese mix
3697,cilantro and scallions for garnish
3698,kidfriendly turkey chili
3699,Coarse salt and freshcracked pepper
3700,hearts of palm
3701,unsalted chicken broth
3702,light buttermilk
3703,oil from the Calabrian chili peppers
3704,thawed corn
3705,reducedfat peanut butter
3706,storebought tortilla
3707,butter flavor cooking spray
3708,sodium black beans
3709,butter or DF Ghee
3710,unsweetened blueberries
3711,flounder fillets
3712,partskim Swiss cheese
3713,plain tomato sauce
3714,ends
3715,string beans
3716,baby greens like arugula or baby spinach
3717,beef boullion
3718,flour
3719,container baby spinach
3720,Tuscan kale
3721,dried ancho chile
3722,chia seeds
3723,sweet or hot Italian pork sausage link
3724,egg beaters or egg whites
3725,Filetto di Pomodoro
3726,scotch bonet pepper
3727,DeLallo Potato Cheese Italian Gnocchi Kit
3728,Gouda
3729,provolone cheese
3730,plain fatfree yogurt
3731,oregano leaves
